406.9378662109375,869.06201171875,385.35491943359375,864.7481689453125,386.7937316894531,867.6240234375,392.5491943359375,801.478759765625,401.1824035644531,798.6029052734375,547.9464721679688,805.7926025390625,602.6234130859375,699.385009765625,673.127685546875,936.6451416015625,792.5534057617188,672.0641479492188,622.7674560546875,1037.301025390625,647.2281494140625,679.2538452148438,942.1952514648438,814.4202270507812,1025.6494140625,729.581787109375,1375.2933349609375,840.3031616210938,1332.12744140625,835.9893798828125,1629.9722900390625,782.7855834960938,1629.9722900390625,846.0549926757812
417.0708923339844,862.984375,395.4665832519531,854.3695678710938,394.02630615234375,862.984375,395.4665832519531,781.1442260742188,396.9068603515625,784.015869140625,546.6967163085938,781.1442260742188,597.106689453125,684.9462280273438,667.6807861328125,936.209716796875,791.5453491210938,677.767333984375,617.270751953125,1046.765625,693.60595703125,670.58837890625,905.3280029296875,784.015869140625,944.2158203125,796.93798828125,1148.7364501953125,729.455810546875,1148.7364501953125,732.3273315429688,1523.2110595703125,773.96533203125,1433.9132080078125,835.704345703125
402.79888916015625,841.7709350585938,397.041748046875,833.1441650390625,378.3310546875,719.5594482421875,394.1631774902344,767.0062255859375,397.041748046875,762.69287109375,553.9237060546875,768.4440307617188,604.2986450195312,664.923828125,666.1878662109375,939.5399780273438,789.96630859375,662.0482177734375,617.252197265625,1064.626953125,706.4878540039062,654.8593139648438,929.5769653320312,781.3840942382812,945.4090576171875,710.9328002929688,1378.633544921875,838.8953247070312,1161.3016357421875,726.7484130859375,1427.5692138671875,774.1951293945312,1426.1300048828125,840.3331298828125
389.6456604003906,811.8348388671875,373.8112487792969,791.7010498046875,369.4927062988281,810.3967895507812,391.0851745605469,719.7946166992188,393.9641418457031,715.480224609375,549.4296875,741.3665771484375,614.20703125,637.8212890625,666.0289306640625,928.3233032226562,771.1119995117188,647.88818359375,615.646484375,1053.4405517578125,709.2137451171875,630.630615234375,1010.0684204101562,781.6342163085938,984.157470703125,701.0989990234375,1365.6239013671875,829.0924072265625,1342.5919189453125,768.6909790039062,1548.4398193359375,767.2528686523438,1548.4398193359375,765.8147583007812
390.90728759765625,794.95458984375,383.7108154296875,779.1412963867188,386.58941650390625,664.1358032226562,392.3465881347656,705.8253173828125,393.7859191894531,698.637451171875,552.1087036132812,730.263916015625,611.119873046875,622.4463500976562,671.5703735351562,922.8980102539062,739.2174072265625,619.5712280273438,615.4378051757812,1068.0924072265625,729.142333984375,622.4463500976562,982.458740234375,769.0783081054688,983.8980712890625,690.0120239257812,1422.8839111328125,774.8285522460938,1371.0692138671875,769.0783081054688,1748.165283203125,861.0825805664062,1759.6796875,866.8329467773438
397.40545654296875,793.301513671875,380.1401062011719,774.6165161132812,395.9666748046875,655.3197631835938,398.8442077636719,704.1882934570312,400.2829895019531,701.3136596679688,558.5486450195312,719.9987182617188,604.5895385742188,622.2615356445312,669.3345336914062,932.7206420898438,775.8040771484375,628.0108642578125,616.0997924804688,1075.014404296875,724.0081176757812,610.7631225585938,1046.29443359375,768.8672485351562,928.314697265625,692.6898193359375,1380.091064453125,776.0538330078125,1329.73388671875,758.8060913085938,1513.8975830078125,757.3687744140625,1584.3974609375,822.0477294921875
400.0,770.7451171875,389.9261474609375,756.3479614257812,389.9261474609375,651.2493286132812,398.5608825683594,684.3626098632812,400.0,681.4832153320312,543.9119873046875,711.717041015625,602.9159545898438,605.1787109375,661.9198608398438,919.0349731445312,788.5624389648438,613.8169555664062,718.0455322265625,608.05810546875,712.2890625,597.9801635742188,932.474365234375,746.27001953125,931.0353393554688,684.3626098632812,1384.358154296875,805.2980346679688,1344.062744140625,811.0568237304688,1747.0164794921875,867.2055053710938,1764.2860107421875,870.0848999023438
425.1536865234375,742.8198852539062,403.5514221191406,726.9898071289062,403.5514221191406,735.6243896484375,403.5514221191406,667.98681640625,406.43170166015625,666.5476684570312,546.1265258789062,692.4514770507812,600.852294921875,590.2755126953125,659.8985595703125,912.6334228515625,743.4273681640625,712.598876953125,609.4932250976562,1069.4952392578125,744.8675537109375,807.579345703125,934.9676513671875,726.9898071289062,1024.2572021484375,657.9131469726562,1384.295166015625,797.505615234375,1368.4534912109375,750.015380859375,1757.2947998046875,866.582275390625,1757.2947998046875,866.582275390625
419.4034118652344,721.1806640625,393.4823303222656,699.6093139648438,402.1227111816406,722.6187744140625,402.1227111816406,633.457275390625,403.562744140625,626.266845703125,561.96923828125,665.09521484375,633.97216796875,550.048095703125,658.4531860351562,909.5702514648438,713.1753540039062,821.846923828125,731.8961181640625,811.7802734375,731.8961181640625,811.7802734375,914.7835693359375,676.5999145507812,1074.630126953125,649.2762451171875,1273.358154296875,774.389892578125,1181.1944580078125,667.971435546875,608.0510864257812,1073.512451171875,610.9312133789062,1073.512451171875
444.9245300292969,698.9605102539062,400.309814453125,680.2653198242188,403.18817138671875,693.2081298828125,404.6273193359375,612.675048828125,417.58001708984375,604.0464477539062,551.4242553710938,639.9987182617188,626.2619018554688,545.084716796875,650.7280883789062,904.6075439453125,774.4979858398438,711.9032592773438,732.7615966796875,814.0077514648438,735.6400146484375,809.6934814453125,964.4705200195312,691.77001953125,1058.017578125,624.1797485351562,1383.2734375,790.9983520507812,1370.3206787109375,737.7889404296875,1758.90087890625,858.588623046875,1763.2183837890625,862.9028930664062
423.96514892578125,699.46484375,395.176513671875,682.2208862304688,398.0553894042969,696.5908813476562,408.13140869140625,614.6818237304688,409.5708312988281,611.807861328125,570.787353515625,652.0438842773438,629.8041381835938,545.705810546875,657.1533203125,906.392822265625,766.5502319335938,693.7168579101562,734.8826904296875,804.3659057617188,733.4432983398438,805.8029174804688,1076.0284423828125,676.4728393554688,1076.0284423828125,693.7168579101562,593.8182983398438,1074.52197265625,601.0154418945312,1074.52197265625,601.0154418945312,1074.52197265625,602.454833984375,1074.52197265625
434.01141357421875,687.5420532226562,406.6801452636719,668.83056640625,406.6801452636719,684.663330078125,410.9955749511719,599.74169921875,412.4340515136719,595.4236450195312,570.6676635742188,629.968017578125,639.7151489257812,527.774169921875,651.2229614257812,907.7626953125,779.2483520507812,674.587890625,727.4628295898438,809.8868408203125,727.4628295898438,809.8868408203125,1078.4537353515625,676.0272827148438,1061.1920166015625,618.4532470703125,1305.7347412109375,778.2211303710938,1220.8641357421875,786.857177734375,603.7528686523438,1077.60595703125,603.7528686523438,1077.60595703125
433.60992431640625,677.8622436523438,404.8139343261719,654.8418579101562,406.25372314453125,670.6683959960938,416.33233642578125,587.2194213867188,417.7721252441406,584.3419189453125,577.5897216796875,623.1888427734375,640.94091796875,516.719482421875,643.8204956054688,905.1888427734375,780.601318359375,673.5459594726562,743.1665649414062,804.4745483398438,743.1665649414062,804.4745483398438,1091.5977783203125,654.8418579101562,1084.3988037109375,667.7908935546875,636.6214599609375,897.994873046875,596.30712890625,1077.8419189453125,596.30712890625,1077.8419189453125,606.3856811523438,1077.8419189453125
440.4908447265625,656.6165771484375,411.7038269042969,643.6649169921875,414.58251953125,652.29931640625,413.1431579589844,571.7112426757812,423.2186584472656,564.5158081054688,562.8358154296875,600.49267578125,637.68212890625,498.31842041015625,636.2427368164062,892.6246337890625,760.0270385742188,683.958984375,729.8006591796875,816.353759765625,741.3154296875,809.1583862304688,1070.9271240234375,652.29931640625,1034.943359375,584.6629028320312,1381.8272705078125,763.1080322265625,1387.5845947265625,718.4967651367188,1757.498046875,865.2822875976562,1773.3311767578125,866.7213134765625
439.2687683105469,653.5300903320312,413.3588562011719,640.5792846679688,414.79827880859375,643.457275390625,414.79827880859375,565.7523193359375,419.11663818359375,562.8743286132812,581.7734375,558.5574340820312,643.6693725585938,490.92535400390625,636.4721069335938,889.5228271484375,754.5062255859375,686.6266479492188,727.1568603515625,814.6958618164062,732.9146728515625,814.6958618164062,1069.74365234375,644.896240234375,1065.4254150390625,580.1421508789062,1373.465576171875,768.6485595703125,1392.1783447265625,709.6503295898438,1766.432861328125,867.9381713867188,1769.311767578125,866.4991455078125
442.9863586425781,653.5945434570312,409.8668212890625,639.2182006835938,412.74676513671875,646.4063720703125,412.74676513671875,565.8988037109375,424.2666015625,558.7106323242188,574.024658203125,593.2138671875,640.2637329101562,491.1417236328125,634.5038452148438,887.92919921875,749.7023315429688,682.3472900390625,726.66259765625,816.0474243164062,736.742431640625,814.6098022460938,1060.7381591796875,649.2816772460938,1056.418212890625,580.275146484375,1380.413818359375,772.9183349609375,1393.3736572265625,712.5376586914062,1762.0086669921875,869.239990234375,1763.44873046875,864.9271240234375
434.662841796875,640.3003540039062,411.6341857910156,630.2391967773438,414.51275634765625,637.4257202148438,417.391357421875,559.810546875,423.1485290527344,558.373291015625,578.592041015625,582.8076782226562,643.3601684570312,487.9447021484375,631.8458251953125,733.7260131835938,748.428466796875,681.9826049804688,725.3997802734375,809.9038696289062,731.156982421875,809.9038696289062,1065.0726318359375,647.4869384765625,1065.0726318359375,577.0584106445312,1374.5203857421875,765.3470458984375,1393.231201171875,704.9796752929688,1760.2506103515625,864.5219116210938,1766.0078125,864.5219116210938
466.0717468261719,642.7022705078125,422.865234375,624.0106811523438,425.74566650390625,634.0753173828125,422.865234375,552.1201171875,425.74566650390625,549.2445068359375,591.3706665039062,547.8067016601562,644.65869140625,481.6673583984375,620.1749877929688,736.1599731445312,759.8760986328125,687.2744140625,710.90869140625,812.3639526367188,731.0717163085938,812.3639526367188,1014.7944946289062,641.2644653320312,1046.4793701171875,565.0604248046875,1389.2509765625,760.6026611328125,1392.1314697265625,700.2146606445312,1762.2672119140625,858.3739013671875,1780.9901123046875,859.8117065429688
461.23980712890625,630.2561645507812,426.69110107421875,615.88330078125,429.5701599121094,625.9443359375,428.1306457519531,536.8324584960938,432.44921875,533.9578247070312,597.9950561523438,544.0188598632812,657.0157470703125,472.1544189453125,631.104248046875,883.2188720703125,744.8270263671875,674.8121337890625,716.0364379882812,811.3546142578125,723.234130859375,809.917236328125,1074.479248046875,650.3782348632812,1077.3582763671875,569.8900756835938,1388.2965087890625,762.4866943359375,1385.41748046875,699.2460327148438,1759.6951904296875,860.2222900390625,1766.892822265625,858.7850341796875
457.3218688964844,628.6519775390625,424.2139587402344,612.8392944335938,427.0929260253906,624.3394165039062,428.53240966796875,533.7757568359375,434.290283203125,530.9007568359375,595.5114135742188,542.40087890625,654.5299072265625,470.5249328613281,628.6193237304688,881.6553344726562,742.337890625,676.0901489257812,716.4273071289062,811.2168579101562,722.1851806640625,811.2168579101562,1070.5380859375,651.65234375,1105.08544921875,578.3388061523438,1388.661865234375,763.7786865234375,1405.935546875,701.9654541015625,1761.48583984375,862.9674682617188,1762.9251708984375,860.092529296875
457.79315185546875,628.248291015625,424.692626953125,612.4302978515625,427.5709533691406,623.934326171875,427.5709533691406,533.3402099609375,434.76666259765625,529.0262451171875,587.31689453125,566.4142456054688,654.95703125,470.06817626953125,629.0523071289062,881.3365478515625,742.7454223632812,678.5783081054688,716.8406372070312,809.4364624023438,722.5972900390625,809.4364624023438,1070.872314453125,658.4463500976562,1103.9727783203125,576.4802856445312,1401.87744140625,763.4204711914062,1409.0731201171875,703.0244140625,1763.1048583984375,866.9564819335938,1763.1048583984375,859.7665405273438
458.7757873535156,627.8837280273438,424.2139892578125,612.0562744140625,428.5342102050781,623.567138671875,427.0941467285156,532.9190063476562,432.85443115234375,530.0413208007812,591.2625122070312,570.329345703125,656.06591796875,469.6092529296875,628.7045288085938,881.1228637695312,742.4702758789062,681.1215209960938,717.9890747070312,809.1799926757812,722.3092651367188,809.1799926757812,1070.80712890625,659.5386352539062,1105.368896484375,577.5236206054688,1400.5841064453125,761.6976318359375,1402.024169921875,702.7044067382812,1809.565185546875,871.0509033203125,1753.402099609375,858.1011962890625
455.8906555175781,627.09716796875,422.767822265625,611.2740478515625,427.0882263183594,622.7817993164062,428.5283508300781,532.1585693359375,434.288818359375,527.8431396484375,591.2622680664062,568.1201782226562,656.0678100585938,470.3046569824219,627.2653198242188,881.7052612304688,745.3554077148438,681.7587890625,716.5529174804688,809.7820434570312,725.1936645507812,809.7820434570312,1069.383056640625,657.304931640625,1106.8262939453125,576.7509765625,1404.9317626953125,762.312744140625,1403.4915771484375,701.8972778320312,1759.201904296875,861.5667114257812,1759.201904296875,858.6898803710938
447.19122314453125,627.4263916015625,416.94873046875,613.04248046875,427.0295715332031,624.5496215820312,428.46966552734375,535.3695678710938,432.7900390625,531.0543823242188,591.203125,568.4525146484375,657.4485473632812,470.64208984375,632.9664916992188,729.5518798828125,743.8555908203125,682.0851440429688,717.9335327148438,810.1016235351562,722.25390625,811.5400390625,1072.20263671875,660.5093383789062,1102.4451904296875,578.5211791992188,1404.8701171875,762.6348876953125,1426.4718017578125,706.5377197265625,1754.81884765625,861.8836059570312,1754.81884765625,859.0067749023438
454.9613342285156,629.422607421875,418.9608154296875,615.0341186523438,427.6009521484375,626.5448608398438,429.0409851074219,537.3366088867188,433.3610534667969,533.0200805664062,598.9634399414062,543.0919799804688,655.124267578125,472.5886535644531,630.6439208984375,884.0977783203125,744.4055786132812,682.6597900390625,717.045166015625,812.1556396484375,722.8052368164062,812.1556396484375,1071.290283203125,662.5159301757812,1102.970703125,579.0630493164062,1402.4951171875,763.2349853515625,1405.3751220703125,705.6812133789062,1755.30029296875,862.51513671875,1755.30029296875,859.6375122070312
454.5087585449219,629.9112548828125,417.0903015136719,614.09228515625,427.1645202636719,625.5969848632812,428.60369873046875,539.3116455078125,434.3603515625,532.1212158203125,599.8651123046875,542.1878662109375,655.992919921875,471.721435546875,631.5269165039062,884.453125,743.7823486328125,683.12060546875,717.8773193359375,811.110595703125,723.6339721679688,811.110595703125,1070.4744873046875,661.5492553710938,1103.575439453125,579.578125,1401.4840087890625,763.6536254882812,1405.801513671875,704.6919555664062,1807.3306884765625,872.9484252929688,1752.6419677734375,860.0055541992188
460.2940368652344,637.6326904296875,417.10858154296875,616.0376586914062,428.624755859375,626.1153564453125,430.0642395019531,544.0541381835938,434.38275146484375,535.4160766601562,591.2898559570312,571.4078979492188,654.6285400390625,472.0705871582031,631.5963134765625,883.81640625,743.8784790039062,682.2625122070312,719.40673828125,810.3932495117188,725.164794921875,810.3932495117188,1070.6483154296875,660.6674194335938,1100.8780517578125,580.0458984375,1400.297119140625,762.884033203125,1403.1761474609375,705.2972412109375,1807.6800537109375,872.2990112304688,1752.9783935546875,859.3419799804688
448.5762023925781,638.7684936523438,416.8968505859375,618.6508178710938,421.21673583984375,630.1466064453125,421.21673583984375,549.6758422851562,431.2965393066406,545.3648681640625,583.9335327148438,581.2893676757812,645.852294921875,476.3899230957031,635.7725219726562,883.0548095703125,750.97021484375,687.6257934570312,720.7308349609375,812.6428833007812,726.4906616210938,812.6428833007812,1079.28369140625,654.5752563476562,1080.7236328125,574.1044311523438,1383.11767578125,762.3486328125,1407.59716796875,706.3065185546875,1763.2701416015625,861.5001831054688,1766.150146484375,861.5001831054688
441.55035400390625,649.8550415039062,412.74755859375,635.4729614257812,415.6278381347656,639.78759765625,415.6278381347656,567.8773193359375,421.3883972167969,562.12451171875,579.8037109375,592.3268432617188,657.5712280273438,487.3377990722656,638.8494262695312,887.1590576171875,754.0606079101562,693.001220703125,722.3775024414062,815.2486572265625,731.018310546875,812.372314453125,1062.2503662109375,658.4842529296875,1062.2503662109375,579.3829956054688,1379.0810546875,764.9114990234375,1393.482421875,710.2597045898438,1763.59814453125,864.147705078125,1769.35888671875,864.147705078125
434.7894287109375,662.3189697265625,407.4636535644531,643.6365966796875,408.90185546875,659.4447631835938,420.407470703125,576.0925903320312,423.2838439941406,571.78125,582.9237670898438,614.8944702148438,651.9572143554688,498.48883056640625,649.0808715820312,900.878662109375,775.6421508789062,686.7498168945312,731.05810546875,817.5264282226562,731.05810546875,816.0894165039062,1092.045654296875,647.9479370117188,1092.045654296875,675.2529907226562,643.3280639648438,900.878662109375,663.4628295898438,876.4478149414062,598.7439575195312,1074.7686767578125,604.4967041015625,1074.7686767578125
432.077392578125,663.4395141601562,407.60797119140625,643.3053588867188,409.04736328125,659.1250610351562,419.12298583984375,577.1500854492188,423.441162109375,571.3974609375,581.772705078125,614.5421752929688,642.2265625,503.8040771484375,645.1052856445312,900.7355346679688,766.0131225585938,699.3934326171875,732.9074096679688,817.3223876953125,732.9074096679688,815.8841552734375,1095.630615234375,647.6198120117188,1094.191162109375,649.0579833984375,642.2265625,900.7355346679688,1173.3570556640625,689.3263549804688,599.0452880859375,1074.75244140625,604.802734375,1074.75244140625
415.1918029785156,672.3270263671875,389.27655029296875,647.8810424804688,395.0355529785156,668.0130004882812,416.63153076171875,587.4849853515625,418.0712890625,586.0469970703125,577.8818969726562,623.43505859375,641.230224609375,514.14697265625,654.1878051757812,905.282958984375,780.8845825195312,662.260986328125,734.81298828125,808.9370727539062,734.81298828125,807.4990234375,1088.98779296875,656.5089721679688,1103.3851318359375,655.0709838867188,654.1878051757812,895.217041015625,667.1454467773438,879.3989868164062,606.6765747070312,1077.843017578125,608.1163330078125,1077.843017578125
432.123046875,684.11181640625,399.04150390625,663.9652709960938,397.6031494140625,675.4776000976562,414.8631286621094,603.5257568359375,416.30145263671875,599.2086181640625,575.9559936523438,633.7455444335938,634.9274291992188,528.6958618164062,662.2556762695312,910.0406494140625,712.5972290039062,494.158935546875,737.0487670898438,807.8690185546875,737.0487670898438,809.3079833984375,1076.494384765625,665.404296875,1079.37109375,669.721435546875,601.8458862304688,1076.9688720703125,606.160888671875,1076.9688720703125,609.0374755859375,1076.9688720703125,616.2291870117188,1076.9688720703125
430.25543212890625,733.4202880859375,391.3833923339844,711.8461303710938,395.7024841308594,731.9820556640625,411.53924560546875,642.8087768554688,414.418701171875,639.9321899414062,571.3465576171875,664.3829345703125,634.6935424804688,555.0737915039062,664.9274291992188,921.8347778320312,715.3170776367188,822.593505859375,611.6583251953125,1077.1688232421875,744.1112670898438,803.8959350585938,1069.484619140625,694.5867919921875,1065.16552734375,657.1915283203125,598.700927734375,1077.1688232421875,1170.2640380859375,660.068115234375,611.6583251953125,1077.1688232421875,613.0980224609375,1077.1688232421875
433.7479553222656,744.415283203125,412.1500549316406,732.904541015625,412.1500549316406,737.2210693359375,410.7101745605469,663.8402709960938,446.7066650390625,553.049560546875,547.4967651367188,683.9840087890625,616.60986328125,580.3875732421875,669.8846435546875,927.1478881835938,694.3622436523438,553.049560546875,1749.7781982421875,863.8389282226562,698.6818237304688,553.049560546875,946.3373413085938,724.271484375,1037.0484619140625,658.0848999023438,1395.5731201171875,799.0912475585938,1375.4150390625,750.1705932617188,1749.7781982421875,865.2777709960938,1768.496337890625,871.0331420898438
432.1932067871094,744.5585327148438,412.0448303222656,733.0668334960938,410.60565185546875,737.3761596679688,410.60565185546875,664.116943359375,450.9023742675781,570.747314453125,548.7658081054688,687.1002197265625,617.8458862304688,579.3660278320312,669.6559448242188,925.5519409179688,692.6826171875,552.0733642578125,1747.593017578125,863.7843627929688,695.5609741210938,552.0733642578125,944.5370483398438,724.4480590820312,1032.3262939453125,656.9346923828125,1394.9967041015625,800.5802612304688,1373.4091796875,800.5802612304688,1749.0321044921875,865.2208251953125,1767.7413330078125,872.403076171875
429.83575439453125,773.4619750976562,403.9154968261719,760.51708984375,399.5954284667969,769.14697265625,403.9154968261719,688.6015625,444.23590087890625,595.1112670898438,550.7969970703125,723.1210327148438,606.9576416015625,605.179443359375,680.3983764648438,930.2379150390625,799.9195556640625,605.179443359375,1763.289794921875,868.3905029296875,683.2784423828125,579.289794921875,965.5214233398438,747.572265625,1018.8019409179688,668.4652099609375,1390.3258056640625,799.3515625,1339.92529296875,812.2963256835938,1761.8497314453125,868.3905029296875,1763.289794921875,869.8287353515625
427.0252990722656,791.9454345703125,402.54693603515625,780.4485473632812,398.2272033691406,787.6341552734375,401.1070556640625,705.7184448242188,408.3065490722656,701.4070434570312,543.6575317382812,727.275146484375,595.4940185546875,625.2398071289062,679.0084228515625,935.6572875976562,735.1646728515625,613.7428588867188,617.0925903320312,1069.3092041015625,735.1646728515625,623.8026733398438,966.9891357421875,764.6401977539062,988.5877685546875,682.7244873046875,1387.4410400390625,770.388671875,1329.8448486328125,816.3765258789062,1757.4962158203125,865.238525390625,1761.8157958984375,866.6755981445312
408.7117614746094,825.8733520507812,390.0041809082031,817.2589111328125,385.6870422363281,702.3995361328125,394.32135009765625,752.6505126953125,400.0775146484375,748.34326171875,558.3722534179688,767.0078735351562,610.1777954101562,656.4557495117188,682.1299438476562,942.16845703125,805.8876342773438,669.37744140625,627.4462890625,1059.8992919921875,676.373779296875,636.3554077148438,925.3282470703125,777.05810546875,906.6206665039062,742.600341796875,1384.3829345703125,823.0018920898438,1325.3822021484375,825.8733520507812,1538.360595703125,759.8292236328125,1633.33740234375,821.5661010742188
406.1940612792969,841.8084716796875,396.1197204589844,833.1688842773438,393.2413330078125,837.4887084960938,398.99810791015625,769.8123779296875,401.8764953613281,768.3724975585938,555.8704833984375,779.891845703125,604.8031616210938,676.217529296875,681.08056640625,944.042724609375,799.0946044921875,676.217529296875,629.26953125,1062.1162109375,722.8172607421875,661.8182983398438,911.3519897460938,788.5313110351562,918.5479736328125,784.2116088867188,1338.793212890625,771.2523193359375,1325.8404541015625,771.2523193359375,1589.21337890625,771.2523193359375,1589.21337890625,769.8123779296875
400.96563720703125,847.0064086914062,395.21026611328125,834.0701904296875,390.8937072753906,841.2569580078125,398.08795166015625,770.8268432617188,400.96563720703125,769.3894653320312,554.92236328125,779.450927734375,603.8432006835938,675.9617309570312,681.541015625,944.74609375,806.7208251953125,677.3991088867188,625.4259643554688,1064.046142578125,720.3899536132812,661.5881958007812,907.440185546875,792.3870849609375,918.950927734375,785.2002563476562,1347.7276611328125,775.1388549804688,1318.95068359375,772.2642211914062,1569.310302734375,770.8268432617188,1569.310302734375,828.3208618164062
405.8899230957031,862.7730712890625,382.859130859375,855.5831298828125,369.9043273925781,760.6753540039062,394.37451171875,796.6253051757812,437.55718994140625,710.3455200195312,554.1505126953125,806.6912231445312,603.0908813476562,695.9655151367188,685.1380004882812,944.7388305664062,823.3226318359375,695.9655151367188,630.4398803710938,1039.646484375,679.3803100585938,675.8335571289062,918.3245849609375,818.1951293945312,948.5524291992188,813.8811645507812,1378.93994140625,845.51708984375,1355.9091796875,857.0210571289062,1574.701416015625,767.8653564453125,1640.9150390625,776.4932861328125
404.34552001953125,876.8728637695312,388.51190185546875,863.9549560546875,382.7542419433594,752.0003051757812,387.072509765625,812.2836303710938,392.8301696777344,805.1069946289062,542.5299682617188,802.2363891601562,614.5009765625,700.3289184570312,689.3509521484375,947.2033081054688,808.8228149414062,683.1051025390625,620.2587280273438,1066.33447265625,657.6836547851562,681.6697998046875,936.931396484375,833.8132934570312,952.7649536132812,830.9426879882812,1360.1212158203125,789.3184814453125,1341.4088134765625,849.601806640625,1534.2911376953125,760.6121826171875,1656.6419677734375,800.801025390625
409.5865173339844,904.6577758789062,372.1678771972656,897.4794921875,377.9245910644531,904.6577758789062,392.31640625,841.4891967773438,395.19476318359375,837.1823120117188,541.9910278320312,838.617919921875,602.4365844726562,729.5086669921875,695.9832153320312,957.7767944335938,780.8948364257812,685.0035400390625,622.5850830078125,1056.83642578125,639.8552856445312,707.9739379882812,930.5694580078125,852.9744262695312,986.6974487304688,838.617919921875,1358.005859375,798.4197998046875,1347.9315185546875,868.7665405273438,1749.4627685546875,870.2022094726562,1748.0234375,867.3309326171875
398.58258056640625,912.8866577148438,374.1092529296875,904.2743530273438,371.23004150390625,912.8866577148438,379.86767578125,852.5999145507812,394.2637634277344,849.7291259765625,545.4227294921875,846.8583984375,604.4467163085938,739.2034912109375,689.3836059570312,963.1255493164062,805.9918823242188,681.78759765625,621.7219848632812,1063.6033935546875,637.5576782226562,711.9309692382812,952.83203125,862.6477661132812,975.86572265625,848.2938232421875,1358.8017578125,789.4424438476562,1335.7679443359375,855.4707641601562,1740.2982177734375,858.341552734375,1753.2547607421875,864.0831909179688
399.8774108886719,912.6483154296875,373.9620056152344,899.7308959960938,372.52227783203125,911.2130126953125,379.7209777832031,850.9317626953125,392.6786804199219,849.4965209960938,542.412109375,846.6259155273438,602.8814697265625,738.980712890625,687.826416015625,957.1416015625,810.2046508789062,680.1347045898438,621.59814453125,1064.7867431640625,647.5135498046875,710.275390625,951.2997436523438,862.4138793945312,971.4561157226562,849.4965209960938,1370.2655029296875,812.179443359375,1348.6693115234375,817.9205322265625,1743.1595458984375,860.9786376953125,1744.5992431640625,863.84912109375
413.6969299316406,925.2786254882812,380.5817565917969,916.6649780273438,394.97967529296875,800.3805541992188,392.10003662109375,859.2406005859375,396.4194641113281,856.369384765625,533.1994018554688,847.7557373046875,599.4297485351562,740.0850830078125,694.455810546875,948.248291015625,798.1207275390625,686.967529296875,636.8643188476562,1040.1273193359375,618.14697265625,732.9070434570312,923.3822631835938,872.1610107421875,975.2147827148438,854.9337768554688,1352.4395751953125,808.9943237304688,1349.56005859375,867.8541870117188,1706.627685546875,873.5966186523438,1706.627685546875,833.3995971679688
382.0022277832031,939.3969116210938,376.24114990234375,925.019775390625,361.83831787109375,946.5855102539062,384.8828125,867.5111694335938,462.6579895019531,765.4334106445312,534.6720581054688,851.6962890625,603.8055419921875,742.4299926757812,690.222412109375,948.023193359375,785.2808837890625,689.2345581054688,634.0514526367188,1040.0369873046875,599.4846801757812,740.9922485351562,907.704833984375,880.4506225585938,981.1591186523438,858.8848876953125,1349.87109375,807.1271362304688,1322.5057373046875,848.8208618164062,1728.6650390625,876.137451171875,1671.0538330078125,822.9420166015625
389.91778564453125,942.4920043945312,364.0037841796875,933.862548828125,381.2798156738281,936.739013671875,388.4781494140625,879.2093505859375,391.3574523925781,877.7711181640625,533.8846435546875,866.26513671875,613.06640625,752.64404296875,679.2911376953125,942.4920043945312,788.7059936523438,686.48486328125,626.0233764648438,1054.6749267578125,646.1787719726562,716.68798828125,932.6727294921875,886.4005126953125,988.81982421875,864.826904296875,1383.288818359375,813.0501708984375,1341.53857421875,873.4563598632812,1736.0076904296875,876.3328247070312,1734.5679931640625,866.26513671875
421.0143737792969,939.4080810546875,387.8888244628906,933.6674194335938,387.8888244628906,939.4080810546875,390.7693176269531,883.4373168945312,393.6497802734375,879.1318969726562,531.9130249023438,870.52099609375,612.5665893554688,752.8389282226562,678.8177490234375,939.4080810546875,788.2761840820312,686.8221435546875,625.52880859375,1052.78466796875,622.6483154296875,727.0062866210938,927.9796752929688,886.3076171875,985.5894165039062,856.1694946289062,1383.0963134765625,814.55029296875,1349.9705810546875,873.3912963867188,1738.8360595703125,877.6967163085938,1746.0372314453125,869.0858154296875
421.0143737792969,939.4080810546875,387.8888244628906,933.6674194335938,387.8888244628906,939.4080810546875,390.7693176269531,883.4373168945312,393.6497802734375,879.1318969726562,531.9130249023438,870.52099609375,612.5665893554688,752.8389282226562,678.8177490234375,939.4080810546875,788.2761840820312,686.8221435546875,625.52880859375,1052.78466796875,622.6483154296875,727.0062866210938,927.9796752929688,886.3076171875,985.5894165039062,856.1694946289062,1383.0963134765625,814.55029296875,1349.9705810546875,873.3912963867188,1738.8360595703125,877.6967163085938,1746.0372314453125,869.0858154296875
403.11383056640625,950.2975463867188,371.4432678222656,938.8154296875,374.3224182128906,948.8623046875,393.0368347167969,881.4047241210938,395.9159851074219,882.8400268554688,518.2796020507812,872.7931518554688,600.335205078125,753.6658935546875,683.830322265625,938.8154296875,781.7212524414062,697.6905517578125,630.566162109375,1032.1077880859375,590.2581787109375,747.9249267578125,922.7992553710938,882.8400268554688,976.0633544921875,854.1346435546875,1379.1435546875,811.0767211914062,1350.3521728515625,869.922607421875,1727.5198974609375,872.7931518554688,1724.6407470703125,865.6167602539062
399.63916015625,950.015625,369.4012451171875,939.9422607421875,370.84112548828125,950.015625,390.9997863769531,882.3804321289062,393.87957763671875,883.8194580078125,519.1510620117188,873.7461547851562,602.6654052734375,752.8662719726562,681.8600463867188,939.9422607421875,778.33349609375,698.1824951171875,630.0235595703125,1032.041259765625,588.266357421875,748.549072265625,923.763671875,883.8194580078125,977.0401000976562,850.721435546875,1381.6527099609375,813.3062133789062,1347.094970703125,869.4290161132812,1728.6690673828125,872.30712890625,1722.909423828125,865.1118774414062
388.616455078125,942.7435913085938,374.2246398925781,934.130859375,371.3463134765625,948.4854125976562,384.2989501953125,878.1483154296875,554.12255859375,738.9096069335938,536.8523559570312,863.7938232421875,601.6156616210938,753.2640991210938,679.33154296875,942.7435913085938,791.5878295898438,680.0560913085938,627.5209350585938,1046.0960693359375,600.1764526367188,733.1677856445312,915.3576049804688,879.583740234375,967.168212890625,850.8748168945312,1368.700439453125,845.1329345703125,1342.7950439453125,866.6646728515625,1662.293701171875,856.6165161132812,1662.293701171875,858.0519409179688
382.4485778808594,942.1422729492188,375.2503662109375,936.3876953125,365.17291259765625,949.3353881835938,382.4485778808594,874.5263671875,461.62872314453125,776.698974609375,533.6107177734375,857.2626953125,586.8773803710938,756.5580444335938,684.7728881835938,942.1422729492188,784.1079711914062,686.0648193359375,628.626953125,1044.2855224609375,585.437744140625,743.6103515625,907.9170532226562,880.2808837890625,952.5458984375,845.7536010742188,1382.9981689453125,858.7012939453125,1335.489990234375,868.7717895507812,1716.9945068359375,877.4035034179688,1716.9945068359375,860.1399536132812
380.9194641113281,941.660888671875,373.7193298339844,935.9036865234375,365.0791931152344,948.8572998046875,382.3594665527344,874.014404296875,460.120849609375,776.1428833007812,532.1220703125,858.1821899414062,586.8430786132812,755.992919921875,683.3247680664062,941.660888671875,782.6864013671875,685.4678955078125,628.603759765625,1043.8502197265625,585.4030151367188,744.4786376953125,906.5286254882812,879.7715454101562,951.16943359375,846.6680297851562,1383.177001953125,855.3037109375,1337.09619140625,868.2572631835938,1711.5028076171875,874.014404296875,1711.5028076171875,836.5928955078125
387.6681213378906,939.1116333007812,374.7085266113281,931.92724609375,364.62884521484375,944.859130859375,380.46832275390625,867.267822265625,456.7860412597656,772.4340209960938,527.3439331054688,847.1515502929688,580.622314453125,752.3176879882812,685.7390747070312,941.9854125976562,775.0164184570312,687.6583251953125,626.7008666992188,1041.1298828125,595.0218505859375,735.0751953125,916.1321411132812,874.4521484375,940.6113891601562,841.404052734375,1374.038330078125,854.3359375,1327.959716796875,865.8309936523438,1692.2686767578125,831.345947265625,1692.2686767578125,828.47216796875
414.04913330078125,916.548583984375,380.93585205078125,917.9854736328125,406.8505859375,791.5438842773438,386.6947021484375,857.6383056640625,391.0137939453125,851.8909912109375,523.4669799804688,843.2699584960938,601.211181640625,736.944091796875,690.4730224609375,942.4116821289062,785.4938354492188,695.2757568359375,624.2465209960938,1051.611328125,631.445068359375,715.3914794921875,940.982177734375,866.2593383789062,971.216064453125,851.8909912109375,1371.4549560546875,794.4175415039062,1346.9798583984375,857.6383056640625,1737.1407470703125,859.0751953125,1754.417236328125,866.2593383789062
392.2883605957031,903.0238037109375,379.3317565917969,895.8257446289062,383.6506042480469,898.705078125,386.5298767089844,832.4827880859375,387.969482421875,832.4827880859375,537.6902465820312,826.724365234375,596.7147827148438,718.7534790039062,683.0921630859375,940.4537963867188,791.0639038085938,687.0819702148438,626.9468994140625,1031.1494140625,642.78271484375,698.598876953125,936.4657592773438,845.4393920898438,968.1375122070312,828.1640625,1369.792236328125,784.9756469726562,1346.75830078125,846.8789672851562,1744.0941162109375,868.47314453125,1752.7318115234375,865.5939331054688
408.1633605957031,889.4318237304688,385.1378173828125,883.6878662109375,380.820556640625,895.1757202148438,389.4551086425781,823.3768310546875,415.35882568359375,725.730224609375,547.755615234375,807.5809936523438,599.5630493164062,707.0625,684.4697265625,935.383056640625,796.7191772460938,674.0350341796875,621.1494750976562,1067.4931640625,644.175048828125,689.8307495117188,936.3114013671875,836.3005981445312,956.4586791992188,833.4285888671875,1383.8701171875,849.224365234375,1339.258056640625,852.0963134765625,1625.63818359375,798.965087890625,1625.63818359375,853.5323486328125
403.8494873046875,892.525390625,385.1364440917969,886.7752075195312,385.1364440917969,893.962890625,389.454833984375,823.523681640625,424.0020446777344,727.2088012695312,544.9171142578125,800.5231323242188,593.8589477539062,708.5208740234375,685.9847412109375,934.2139282226562,802.5814208984375,674.02001953125,619.7693481445312,1065.0296630859375,637.0429077148438,689.8328857421875,926.3755493164062,835.0239868164062,942.2096557617188,832.14892578125,1378.36767578125,849.3992919921875,1323.6678466796875,852.2743530273438,1595.7269287109375,790.4603881835938,1595.7269287109375,859.4620361328125
402.9788818359375,874.8509521484375,385.69940185546875,861.9238891601562,382.8194580078125,874.8509521484375,387.1393737792969,808.7796630859375,390.0192565917969,807.3433837890625,538.3347778320312,794.4163208007812,601.6928100585938,699.6184692382812,683.770263671875,939.4857788085938,804.7265625,685.2551879882812,623.2921142578125,1065.8829345703125,644.8914794921875,676.63720703125,937.2025146484375,828.8882446289062,1045.19921875,787.2346801757812,1370.629150390625,847.5606079101562,1327.4305419921875,848.9969482421875,1613.9818115234375,787.2346801757812,1613.9818115234375,860.487548828125
405.3500061035156,870.3140869140625,383.7506408691406,851.6021728515625,380.8706970214844,871.7534790039062,383.7506408691406,789.7090454101562,388.07049560546875,791.1484375,545.0262451171875,788.2697143554688,591.10498046875,688.9528198242188,683.2625732421875,939.4041137695312,801.33935546875,690.3921508789062,617.0243530273438,1061.7509765625,635.7437744140625,667.3621826171875,915.0963134765625,811.2996826171875,919.4161987304688,765.2396850585938,1339.8848876953125,781.0728759765625,1316.845458984375,782.5122680664062,1574.598388671875,779.6334838867188,1574.598388671875,842.9659423828125
407.2542419433594,835.8526000976562,398.6185607910156,820.0517578125,384.2256774902344,834.4161987304688,400.05780029296875,758.2843017578125,433.161376953125,666.3515014648438,542.5470581054688,768.3395385742188,577.0899047851562,666.3515014648438,682.15771484375,936.4041748046875,777.1505737304688,666.3515014648438,623.1470336914062,1059.9388427734375,713.8219604492188,656.29638671875,934.0326538085938,797.0684814453125,931.1541137695312,728.118896484375,1387.407470703125,834.4161987304688,1354.303955078125,838.7255249023438,1751.5467529296875,867.4544677734375,1752.986083984375,867.4544677734375
410.8096008300781,819.0455322265625,383.4603576660156,808.9674682617188,376.2632141113281,824.804443359375,397.854736328125,734.1017456054688,449.67437744140625,653.47705078125,546.116455078125,754.2578735351562,593.6177978515625,649.1578979492188,679.98388671875,932.7838745117188,770.668212890625,646.2784423828125,623.845947265625,1059.479736328125,721.7274780273438,637.6400756835938,927.5665893554688,783.0524291992188,936.2032470703125,744.1798095703125,1396.822265625,833.4427490234375,1327.7294921875,824.804443359375,1696.224609375,852.1592407226562,1696.224609375,814.7263793945312
410.8096008300781,819.0455322265625,383.4603576660156,808.9674682617188,376.2632141113281,824.804443359375,397.854736328125,734.1017456054688,449.67437744140625,653.47705078125,546.116455078125,754.2578735351562,593.6177978515625,649.1578979492188,679.98388671875,932.7838745117188,770.668212890625,646.2784423828125,623.845947265625,1059.479736328125,721.7274780273438,637.6400756835938,927.5665893554688,783.0524291992188,936.2032470703125,744.1798095703125,1396.822265625,833.4427490234375,1327.7294921875,824.804443359375,1696.224609375,852.1592407226562,1696.224609375,814.7263793945312
410.8825378417969,798.735107421875,399.3617248535156,782.9243774414062,373.43994140625,675.1241455078125,403.6820068359375,718.2442626953125,406.56219482421875,713.9322509765625,549.1320190429688,731.1802978515625,606.7359619140625,632.0040893554688,671.5404052734375,929.53271484375,779.5477905273438,636.3160400390625,615.3765258789062,1058.89306640625,730.58447265625,627.6920166015625,939.3987426757812,774.3003540039062,936.5185546875,709.6202392578125,1380.0689697265625,824.6071166992188,1342.62646484375,761.3643188476562,1747.2943115234375,856.2285766601562,1770.3358154296875,864.8526000976562
413.5716552734375,785.5515747070312,389.09295654296875,772.6270751953125,384.773193359375,779.8074340820312,407.8119812011719,693.6439208984375,410.6918029785156,690.7718505859375,550.3643798828125,716.620849609375,607.9612426757812,614.6607666015625,669.8779296875,920.5409545898438,777.8721313476562,626.1492309570312,618.0407104492188,1054.09423828125,747.6337280273438,626.1492309570312,940.5834350585938,759.7025756835938,990.980712890625,685.027587890625,1342.3218994140625,761.138671875,1338.002197265625,759.7025756835938,1754.139892578125,870.2789306640625,1758.459716796875,868.8429565429688
413.5108642578125,745.0885620117188,393.3568115234375,729.2699584960938,397.6755676269531,605.5973510742188,410.6316833496094,658.8053588867188,462.45635986328125,578.2743530273438,553.1495361328125,673.1858520507812,610.7325439453125,586.9027099609375,666.8759155273438,916.2169189453125,793.5584106445312,594.0929565429688,705.744384765625,561.0177612304688,707.1840209960938,561.0177612304688,954.7907104492188,730.7080078125,1042.604736328125,665.99560546875,1390.9818115234375,802.6107177734375,1369.38818359375,752.27880859375,1752.3148193359375,863.0089721679688,1760.952392578125,865.885009765625
412.043212890625,717.4105224609375,403.40521240234375,705.9107055664062,400.5259094238281,714.5355834960938,410.6035461425781,639.7863159179688,413.48284912109375,638.3488159179688,558.8886108398438,671.4110107421875,633.7509765625,565.037109375,663.9838256835938,911.4710693359375,757.561767578125,726.0354614257812,728.7685546875,820.9095458984375,750.363525390625,809.4096069335938,953.355712890625,715.9730834960938,1042.6146240234375,648.4112548828125,1389.572998046875,797.9097290039062,1356.4608154296875,741.8477783203125,1752.3675537109375,858.2841796875,1768.2037353515625,864.0340576171875
414.20330810546875,715.8740844726562,402.6839294433594,705.8033447265625,394.0444030761719,712.9967041015625,412.76336669921875,639.6243286132812,414.20330810546875,636.7470092773438,559.6354370117188,671.2752075195312,634.5114135742188,563.3746337890625,664.749755859375,911.5337524414062,758.3446655273438,724.506103515625,729.5462646484375,819.4586181640625,749.7051391601562,809.387939453125,954.1740112304688,715.8740844726562,1040.5693359375,646.8177490234375,1387.590576171875,796.4398193359375,1361.6719970703125,751.8409423828125,1753.3306884765625,858.3027954101562,1776.369384765625,865.4962158203125
423.8918762207031,708.1403198242188,402.3047180175781,690.9057006835938,393.6698303222656,564.5187377929688,413.8179016113281,621.9673461914062,416.6961364746094,616.2225341796875,560.6106567382812,653.5641479492188,638.3245239257812,553.0289916992188,661.350830078125,909.21044921875,773.6041870117188,718.1937866210938,733.30810546875,555.9014282226562,737.6256103515625,814.4202270507812,967.8887329101562,709.5765380859375,977.9628295898438,637.7657470703125,1383.8017578125,797.1856689453125,1359.3363037109375,746.9180908203125,1753.662109375,858.9429931640625,1765.17529296875,864.6878662109375
415.7160949707031,700.6588745117188,398.4359130859375,681.949951171875,398.4359130859375,694.9022216796875,414.2760925292969,607.1143798828125,415.7160949707031,605.6752319335938,579.878173828125,630.1407470703125,646.1190795898438,540.9137573242188,659.0792236328125,905.0175170898438,787.2408447265625,684.8282470703125,607.238525390625,1076.2757568359375,745.4802856445312,801.3990478515625,1053.644287109375,706.4154052734375,1045.004150390625,637.33642578125,597.158447265625,1076.2757568359375,1174.605712890625,660.36279296875,607.238525390625,1076.2757568359375,612.9986572265625,1076.2757568359375
415.2666015625,665.34912109375,390.8191223144531,643.7528076171875,387.9429626464844,656.7106323242188,415.2666015625,581.84326171875,415.2666015625,580.4035034179688,582.084716796875,620.7166748046875,633.8558349609375,514.1746826171875,651.1129150390625,905.7885131835938,764.7217407226562,698.4635620117188,735.9600219726562,815.0838012695312,737.3981323242188,813.6441650390625,1037.958251953125,676.8671875,1037.958251953125,685.5057373046875,651.1129150390625,897.1500244140625,652.5509643554688,885.6319580078125,596.465576171875,1064.1617431640625,605.0941162109375,1064.1617431640625
425.3354187011719,658.4360961914062,405.17120361328125,639.7252807617188,400.8503112792969,649.8003540039062,418.1339111328125,569.2000122070312,418.1339111328125,564.8821411132812,588.0894165039062,613.8180541992188,585.2088012695312,583.5929565429688,648.5820922851562,898.7978515625,763.80615234375,695.8577270507812,739.321044921875,808.1224975585938,739.321044921875,808.1224975585938,958.2467651367188,648.361083984375,658.6641845703125,501.55328369140625,647.1417846679688,895.9192504882812,638.4999389648438,890.162109375,602.492431640625,1065.7557373046875,605.373046875,1065.7557373046875
416.98236083984375,659.3816528320312,393.95513916015625,639.2494506835938,389.6375732421875,650.7535400390625,418.4215087890625,570.2249145507812,418.4215087890625,568.786865234375,586.807861328125,609.0512084960938,637.1798706054688,506.952392578125,642.9366455078125,902.4055786132812,766.707763671875,686.703857421875,739.3629760742188,808.934814453125,739.3629760742188,807.496826171875,1084.7708740234375,678.0757446289062,1084.7708740234375,686.703857421875,640.0582275390625,892.3394775390625,642.9366455078125,889.4635009765625,599.7606811523438,1077.843017578125,611.2742309570312,1077.843017578125
430.2802429199219,648.7127685546875,404.3608703613281,631.4638671875,404.3608703613281,641.5257568359375,421.64044189453125,561.0309448242188,421.64044189453125,559.5935668945312,591.5563354492188,602.7157592773438,633.3153686523438,500.659912109375,646.2749633789062,898.8214111328125,765.7920532226562,683.2105102539062,732.6729125976562,814.0145263671875,732.6729125976562,814.0145263671875,1081.14453125,677.4608764648438,1085.46435546875,690.3975830078125,644.8350830078125,893.07177734375,650.5949096679688,875.8228759765625,601.6361083984375,1074.18505859375,601.6361083984375,1074.18505859375
425.33673095703125,630.8316650390625,413.8207092285156,619.3345947265625,422.4577331542969,623.64599609375,428.2157287597656,556.1004638671875,429.6552734375,551.7890625,592.3191528320312,584.8432006835938,645.580810546875,494.3034973144531,644.1412353515625,895.2652587890625,760.7410888671875,685.4429931640625,726.1929931640625,820.5340576171875,733.3905029296875,819.0968627929688,1064.476318359375,684.0057983398438,1029.92822265625,593.466064453125,1388.36474609375,777.4198608398438,1392.68310546875,725.682861328125,1765.5146484375,866.5225219726562,1766.9541015625,865.0853881835938
443.0715026855469,630.3583374023438,409.9654235839844,605.9139404296875,418.6017761230469,626.0446166992188,430.116943359375,541.208251953125,437.3139343261719,532.580810546875,598.526123046875,571.4042358398438,647.4655151367188,490.88165283203125,628.75341796875,729.5736694335938,759.7382202148438,680.6849975585938,730.9503784179688,812.97216796875,730.9503784179688,812.97216796875,1082.16259765625,669.1817626953125,997.2383422851562,590.0969848632812,633.0715942382812,884.8673706054688,1217.4656982421875,636.1099243164062,599.9655151367188,1077.5465087890625,595.6472778320312,1077.5465087890625
441.0218811035156,622.0123291015625,413.69354248046875,604.7569580078125,415.1318664550781,617.698486328125,433.8302307128906,538.6111450195312,435.2685546875,534.2973022460938,596.36181640625,571.68408203125,655.33349609375,481.09307861328125,633.758544921875,890.9093627929688,753.14013671875,679.5304565429688,731.5651245117188,810.3840942382812,731.5651245117188,810.3840942382812,1068.135009765625,662.2750244140625,1009.163330078125,594.6912841796875,632.3201904296875,882.2816162109375,633.758544921875,877.9677734375,599.2384643554688,1077.8431396484375,599.2384643554688,1077.8431396484375
441.0218811035156,622.0123291015625,413.69354248046875,604.7569580078125,415.1318664550781,617.698486328125,433.8302307128906,538.6111450195312,435.2685546875,534.2973022460938,596.36181640625,571.68408203125,655.33349609375,481.09307861328125,633.758544921875,890.9093627929688,753.14013671875,679.5304565429688,731.5651245117188,810.3840942382812,731.5651245117188,810.3840942382812,1068.135009765625,662.2750244140625,1009.163330078125,594.6912841796875,632.3201904296875,882.2816162109375,633.758544921875,877.9677734375,599.2384643554688,1077.8431396484375,599.2384643554688,1077.8431396484375
444.56158447265625,622.2725219726562,414.3389587402344,603.5549926757812,415.7781677246094,615.073486328125,434.48736572265625,538.7636108398438,434.48736572265625,537.3238525390625,597.1138916015625,564.68017578125,627.3364868164062,499.8887939453125,631.654052734375,890.0768432617188,749.6661987304688,675.54541015625,746.787841796875,475.41204833984375,728.07861328125,813.7670288085938,1073.47998046875,656.8279418945312,1038.9398193359375,681.3046875,628.7756958007812,881.4380493164062,628.7756958007812,878.5584106445312,597.1138916015625,1077.251953125,598.5530395507812,1077.251953125
443.5451965332031,624.0333862304688,414.7554931640625,602.452880859375,411.87652587890625,613.9624633789062,436.3477783203125,537.7113037109375,436.3477783203125,536.2725830078125,593.25146484375,565.046630859375,591.81201171875,552.0983276367188,629.2385864257812,887.3158569335938,750.1552124023438,675.82666015625,742.9578247070312,474.4084167480469,725.6839599609375,812.5033569335938,1069.7205810546875,658.562255859375,1051.00732421875,677.265380859375,624.920166015625,878.68359375,624.920166015625,877.2449951171875,593.25146484375,1077.2244873046875,594.6909790039062,1077.2244873046875
451.976806640625,621.7813720703125,428.9528503417969,601.6260986328125,433.269775390625,616.022705078125,433.269775390625,535.4014282226562,436.1478271484375,528.2030639648438,597.31591796875,564.1947021484375,654.8759155273438,479.2544250488281,627.534912109375,882.3610229492188,757.0449829101562,680.8076782226562,728.2649536132812,808.93798828125,731.1429443359375,810.377685546875,1073.6251220703125,667.8507690429688,1066.43017578125,582.910400390625,1383.01025390625,764.308349609375,1401.71728515625,718.2390747070312,1801.7596435546875,869.4039916992188,1801.7596435546875,866.5247192382812
445.9962463378906,626.310302734375,417.21923828125,604.7115478515625,415.7803649902344,616.2308349609375,433.04656982421875,539.9154052734375,434.4854431152344,537.0355834960938,595.6365966796875,567.2738037109375,627.291259765625,501.0377502441406,630.1689453125,889.814453125,749.593505859375,678.1471557617188,729.4495849609375,469.3596496582031,728.0107421875,813.4990234375,1076.21240234375,656.5484619140625,1054.629638671875,679.5870971679688,628.7301025390625,881.1749877929688,628.7301025390625,878.295166015625,597.0753784179688,1077.0032958984375,597.0753784179688,1077.0032958984375
445.9962463378906,626.310302734375,417.21923828125,604.7115478515625,415.7803649902344,616.2308349609375,433.04656982421875,539.9154052734375,434.4854431152344,537.0355834960938,595.6365966796875,567.2738037109375,627.291259765625,501.0377502441406,630.1689453125,889.814453125,749.593505859375,678.1471557617188,729.4495849609375,469.3596496582031,728.0107421875,813.4990234375,1076.21240234375,656.5484619140625,1054.629638671875,679.5870971679688,628.7301025390625,881.1749877929688,628.7301025390625,878.295166015625,597.0753784179688,1077.0032958984375,597.0753784179688,1077.0032958984375
446.3286437988281,629.3746948242188,416.1033020019531,604.9049072265625,416.1033020019531,617.8594970703125,431.9356384277344,540.1321411132812,433.37493896484375,535.8139038085938,596.0159301757812,580.4351806640625,631.9984130859375,501.26837158203125,631.9984130859375,888.4659423828125,752.8997192382812,679.7534790039062,729.8709106445312,812.177978515625,729.8709106445312,812.177978515625,1081.060302734375,658.1625366210938,1050.8349609375,681.19287109375,630.5591430664062,879.82958984375,629.1198120117188,878.3901977539062,597.4552001953125,1077.02685546875,598.8944702148438,1077.02685546875
436.01904296875,629.6856689453125,411.5536193847656,606.6715698242188,411.5536193847656,619.6170043945312,430.2624816894531,536.1911010742188,434.57989501953125,534.7527465820312,594.32470703125,585.0958862304688,661.9644165039062,481.5327453613281,636.059814453125,888.593505859375,751.1912231445312,680.02880859375,735.3606567382812,810.921142578125,733.9214477539062,810.921142578125,1083.633056640625,658.4531860351562,1034.7022705078125,582.2191772460938,623.1075439453125,881.4016723632812,1341.2396240234375,762.0162963867188,600.0812377929688,1068.390625,602.9595947265625,1068.390625
412.6649475097656,627.405029296875,405.46490478515625,613.0160522460938,408.3449401855469,625.9661865234375,429.945068359375,551.1433715820312,434.26507568359375,548.2655639648438,596.986083984375,592.8714599609375,647.3863525390625,502.22076416015625,645.9463500976562,897.9183349609375,768.34716796875,674.8887329101562,733.7869262695312,811.5843505859375,735.2269287109375,811.5843505859375,1079.3890380859375,673.4498901367188,1008.8286743164062,588.5547485351562,643.0663452148438,895.04052734375,1217.6300048828125,636.0384521484375,599.8660888671875,1077.78076171875,599.8660888671875,1077.78076171875
429.4388732910156,646.1237182617188,403.52301025390625,625.9644165039062,404.9627685546875,636.0440673828125,423.6798095703125,559.7265625,429.4388732910156,558.28662109375,592.1329345703125,595.7254028320312,648.283935546875,494.9287109375,645.4044189453125,896.6754760742188,762.0258178710938,692.2022705078125,727.4713134765625,814.5982055664062,727.4713134765625,813.1582641601562,1074.4559326171875,670.6029663085938,1001.0277709960938,605.8050537109375,639.6453247070312,888.0357666015625,1229.951171875,640.3638916015625,599.331787109375,1075.2296142578125,609.41015625,1075.2296142578125
429.4388732910156,646.1237182617188,403.52301025390625,625.9644165039062,404.9627685546875,636.0440673828125,423.6798095703125,559.7265625,429.4388732910156,558.28662109375,592.1329345703125,595.7254028320312,648.283935546875,494.9287109375,645.4044189453125,896.6754760742188,762.0258178710938,692.2022705078125,727.4713134765625,814.5982055664062,727.4713134765625,813.1582641601562,1074.4559326171875,670.6029663085938,1001.0277709960938,605.8050537109375,639.6453247070312,888.0357666015625,1229.951171875,640.3638916015625,599.331787109375,1075.2296142578125,609.41015625,1075.2296142578125
424.2204284667969,661.1445922851562,399.7411193847656,643.8939208984375,398.3011474609375,648.2066040039062,424.2204284667969,576.3289184570312,424.2204284667969,574.891357421875,586.9356689453125,613.705322265625,638.7741088867188,507.3263244628906,647.4138793945312,909.8414306640625,769.810302734375,672.64501953125,732.371337890625,807.7750854492188,732.371337890625,807.7750854492188,1072.201416015625,671.2074584960938,1072.201416015625,643.8939208984375,644.533935546875,898.3410034179688,661.8134765625,876.7776489257812,604.2151489257812,1072.2850341796875,609.9749755859375,1072.2850341796875
418.8534240722656,676.1578979492188,394.3995361328125,653.1272583007812,395.8380126953125,667.5214233398438,418.8534240722656,586.914306640625,420.2919616699219,585.474853515625,585.7154541015625,620.020751953125,628.8694458007812,525.01953125,656.2002563476562,916.539794921875,779.9083251953125,679.0366821289062,739.6312255859375,506.3071594238281,743.9466552734375,805.7050170898438,1069.039794921875,679.0366821289062,1063.2860107421875,690.552001953125,600.10009765625,1074.875244140625,657.6387329101562,876.2362670898438,611.6077880859375,1074.875244140625,614.4847412109375,1074.875244140625
425.4676818847656,708.777099609375,399.5569152832031,688.639404296875,419.7097473144531,576.4441528320312,411.07281494140625,628.2265625,421.14923095703125,621.0345458984375,559.3399047851562,646.9258422851562,645.7090454101562,553.4296875,657.2249145507812,918.78369140625,785.3392944335938,733.2299194335938,709.0464477539062,543.3609008789062,704.7279663085938,534.73046875,962.3959350585938,695.8314208984375,1081.873291015625,636.8569946289062,1410.076171875,796.51953125,1378.407470703125,734.6682739257812,1749.7947998046875,858.3707885742188,1772.82666015625,867.001220703125
431.7188415527344,727.5137939453125,402.9303894042969,711.7072143554688,398.61212158203125,619.7415771484375,407.2486572265625,647.0438842773438,417.32464599609375,647.0438842773438,565.585205078125,674.34619140625,631.7986450195312,562.2631225585938,664.9053955078125,924.3777465820312,754.149658203125,731.8246459960938,1767.5032958984375,866.899169921875,744.0736083984375,816.60546875,971.50244140625,711.7072143554688,978.6995239257812,654.2286987304688,1396.13232421875,799.3619384765625,1360.146728515625,734.6986083984375,1764.6246337890625,865.462158203125,1766.06396484375,866.899169921875
432.03021240234375,726.0380859375,404.6659240722656,713.0794067382812,400.34527587890625,619.4884033203125,407.54638671875,648.28564453125,411.8670654296875,648.28564453125,565.9712524414062,674.203125,632.2216186523438,563.3338012695312,665.3468627929688,924.7389526367188,757.521240234375,733.2374267578125,1768.5599365234375,867.1445922851562,745.9994506835938,813.8696899414062,969.2344970703125,708.759765625,976.4356079101562,654.0450439453125,1398.421875,800.910888671875,1365.296630859375,736.1171264648438,1767.1197509765625,865.7046508789062,1768.5599365234375,867.1445922851562
420.8373718261719,747.9445190429688,393.4875183105469,730.7064208984375,394.927001953125,624.4050903320312,407.8821716308594,673.2462768554688,452.50555419921875,582.7464599609375,548.9495849609375,681.865234375,616.6043701171875,589.9290161132812,666.985595703125,923.197998046875,782.1427001953125,589.9290161132812,730.3219604492188,582.7464599609375,721.6851806640625,572.69091796875,979.3491821289062,735.0159301757812,1023.9724731445312,661.7542114257812,1405.430419921875,792.47607421875,1385.27783203125,762.3095092773438,1763.856689453125,864.3013305664062,1762.4173583984375,864.3013305664062
417.0755920410156,778.705078125,394.03936767578125,754.2615356445312,388.2803039550781,778.705078125,408.43701171875,695.3094482421875,409.87677001953125,692.4337768554688,550.9736328125,722.6287231445312,614.3232421875,607.6002807617188,670.4740600585938,932.5556030273438,647.4378662109375,574.5296020507812,1786.291259765625,867.8521118164062,683.4319458007812,584.5946044921875,975.7039794921875,761.4508056640625,972.8245239257812,683.806640625,1410.5128173828125,803.1486206054688,1334.205322265625,823.278564453125,1786.291259765625,869.2899780273438,1786.291259765625,869.2899780273438
414.4715576171875,824.5238647460938,394.3104248046875,807.2603149414062,391.43023681640625,703.6788940429688,407.27117919921875,745.399169921875,424.5521545410156,656.2039794921875,549.8392333984375,759.7854614257812,604.5623779296875,654.765380859375,663.6057739257812,942.4916381835938,801.8536376953125,654.765380859375,608.8826293945312,1064.7752685546875,659.2855224609375,615.9223022460938,930.0209350585938,775.6104736328125,938.661376953125,713.749267578125,1350.5247802734375,759.7854614257812,1353.405029296875,831.717041015625,1758.0679931640625,869.1213989257812,1747.9873046875,864.8055419921875
424.1903076171875,833.3641967773438,389.63134765625,816.1015014648438,383.8714599609375,715.40283203125,401.1510009765625,770.0678100585938,455.8693542480469,675.1233520507812,537.9468994140625,768.6292724609375,607.0648803710938,666.4920654296875,666.1030883789062,945.5712280273438,797.1392822265625,663.6149291992188,608.5048217773438,1063.532470703125,663.2232055664062,646.352294921875,918.0956420898438,790.2075805664062,956.9744873046875,728.3497924804688,1399.0413818359375,831.9255981445312,1344.3228759765625,837.6798095703125,1764.7904052734375,876.5206909179688,1708.6322021484375,854.9423828125
425.05548095703125,833.0881958007812,386.1813049316406,814.3766479492188,381.8619384765625,719.3790893554688,402.0189208984375,769.756591796875,403.4587097167969,762.5597534179688,538.7984619140625,769.756591796875,609.347900390625,666.1229248046875,665.49951171875,945.35791015625,796.5198974609375,664.68359375,610.7877197265625,1063.38525390625,659.7403564453125,644.5325927734375,918.901611328125,789.9075317382812,954.896240234375,726.5758666992188,1395.4703369140625,831.64892578125,1346.5177001953125,837.40625,1764.0552978515625,874.82958984375,1764.0552978515625,860.4359741210938
414.3367614746094,851.7640991210938,391.3127136230469,844.5811157226562,374.04461669921875,756.9495239257812,399.9467468261719,782.80810546875,407.1417541503906,784.24462890625,553.9203491210938,784.24462890625,605.7244873046875,683.6837158203125,667.601806640625,949.4518432617188,666.1627807617188,652.0787963867188,611.4805908203125,1057.19580078125,735.2350463867188,667.8812255859375,926.6227416992188,791.427490234375,936.6958618164062,788.5543823242188,1379.9095458984375,844.5811157226562,1310.83740234375,837.3982543945312,1533.88330078125,768.4421997070312,1480.6400146484375,837.3982543945312
419.31683349609375,871.3974609375,403.48638916015625,861.3303833007812,394.85162353515625,871.3974609375,396.290771484375,808.1184692382812,404.925537109375,806.680419921875,547.3993530273438,798.0513916015625,616.4776000976562,690.1896362304688,668.2862548828125,956.2487182617188,780.5383911132812,664.3027954101562,612.1602172851562,1071.3013916015625,642.3819580078125,672.9317626953125,918.6947631835938,753.468505859375,925.8904418945312,800.9276733398438,1337.4815673828125,782.231689453125,1320.2120361328125,854.1395874023438,1590.768310546875,775.0408935546875,1590.768310546875,770.7264404296875
405.6081848144531,900.841064453125,378.2663879394531,895.0827026367188,372.5102233886719,915.2369384765625,385.46160888671875,840.378662109375,562.4635620117188,706.4974975585938,545.1951293945312,825.9827880859375,612.8299560546875,713.6954345703125,674.708740234375,946.90771484375,785.5148315429688,674.8267211914062,608.5128173828125,1069.2720947265625,627.2203979492188,700.7391967773438,952.4435424804688,846.136962890625,1012.8831787109375,751.1245727539062,1378.3995361328125,854.7744140625,1342.4234619140625,856.2139892578125,1610.0849609375,771.2786865234375,1610.0849609375,768.3995361328125
415.9432678222656,917.4667358398438,392.9122619628906,903.08642578125,392.9122619628906,910.2765502929688,390.03338623046875,848.4414672851562,480.7180480957031,742.0274658203125,539.7350463867188,844.1273193359375,610.267578125,726.2091674804688,676.481689453125,949.103271484375,778.6818237304688,683.068359375,620.3436279296875,1033.9468994140625,633.298583984375,706.0767822265625,929.8229370117188,852.7554931640625,965.8088989257812,836.9371948242188,1363.093994140625,798.1105346679688,1361.6546630859375,864.259765625,1745.9847412109375,870.0118408203125,1760.379150390625,878.6399536132812
412.1546630859375,915.1406860351562,391.9900817871094,902.224365234375,390.5497131347656,907.9649658203125,391.9900817871094,846.2533569335938,394.8706970214844,846.2533569335938,546.105224609375,829.031494140625,610.9199829101562,727.1356201171875,678.6154174804688,945.2789306640625,783.7593994140625,674.0349731445312,616.6813354492188,1052.91552734375,610.9199829101562,712.7840576171875,907.6276245117188,847.6884765625,1002.6893920898438,836.207275390625,1349.8084716796875,801.7636108398438,1326.7633056640625,869.2158203125,1529.849609375,837.6424560546875,1529.849609375,851.9940185546875
418.7039489746094,925.6043090820312,382.71624755859375,911.2222900390625,375.5186767578125,925.6043090820312,384.1557312011719,855.1322021484375,391.353271484375,850.8175659179688,536.7435913085938,849.3794555664062,600.08203125,741.5137939453125,667.7389526367188,960.121337890625,774.2625732421875,682.5473022460938,607.279541015625,1057.91943359375,627.4326782226562,721.3789672851562,925.4109497070312,856.5704345703125,980.1123046875,849.3794555664062,1361.5821533203125,791.85107421875,1367.340087890625,868.0760498046875,1720.01953125,860.885009765625,1744.4912109375,868.0760498046875
407.0177307128906,932.8577880859375,381.11383056640625,918.4950561523438,378.2356262207031,931.4214477539062,379.67474365234375,858.171630859375,391.18756103515625,861.044189453125,527.902587890625,852.426513671875,601.2970581054688,741.8336181640625,667.4959106445312,952.965576171875,769.67236328125,685.8190307617188,611.3707885742188,1054.9407958984375,634.396484375,726.0346069335938,926.5349731445312,862.4804077148438,963.9517211914062,848.1177368164062,1365.4622802734375,799.2844848632812,1362.5841064453125,866.7892456054688,1736.7515869140625,875.4068603515625,1743.947021484375,866.7892456054688
424.418212890625,933.9650268554688,389.8635559082031,925.3494262695312,389.8635559082031,933.9650268554688,389.8635559082031,877.9639282226562,420.0989074707031,773.1415405273438,528.0820922851562,856.4251098632812,589.9925537109375,751.6026000976562,673.4995727539062,939.7086791992188,774.283935546875,686.9860229492188,618.7880859375,1050.2747802734375,636.0653686523438,722.8840942382812,928.3400268554688,876.5279541015625,964.3344116210938,849.2454833984375,1366.0321044921875,807.6035766601562,1355.9537353515625,872.2202758789062,1740.3741455078125,877.9639282226562,1741.8138427734375,867.9124755859375
421.7198181152344,937.1241455078125,387.1681823730469,927.0443115234375,387.1681823730469,937.1241455078125,390.0474548339844,879.5252075195312,398.6853942871094,775.8472290039062,526.8143310546875,863.685546875,594.4779052734375,751.3677368164062,675.0983276367188,938.5640869140625,774.4342651367188,690.888916015625,620.3916015625,1048.001953125,646.3052978515625,722.5682983398438,929.9164428710938,879.5252075195312,967.3474731445312,853.605712890625,1369.010009765625,810.4066162109375,1360.3720703125,873.765380859375,1737.560546875,878.0853271484375,1741.8795166015625,868.0054931640625
421.2113342285156,937.1846923828125,386.66864013671875,927.1181030273438,388.10791015625,935.74658203125,390.9864501953125,879.6610717773438,398.182861328125,776.1185302734375,527.7180786132812,863.8421020507812,593.9249267578125,751.6710815429688,674.5245971679688,938.622802734375,775.274169921875,689.8331298828125,619.8319091796875,1047.917724609375,644.2997436523438,724.3472900390625,929.2771606445312,879.6610717773438,968.1376953125,855.2135009765625,1369.6966552734375,810.6327514648438,1358.1824951171875,872.4705810546875,1738.15234375,879.6610717773438,1741.0308837890625,866.7183227539062
423.4228820800781,937.7118530273438,388.88336181640625,931.9714965820312,390.322509765625,937.7118530273438,391.7616882324219,880.3081665039062,394.6399230957031,877.43798828125,515.5281982421875,864.522216796875,596.1204223632812,755.4552001953125,676.7125854492188,939.14697265625,774.5745239257812,689.44091796875,623.4641723632812,1048.2139892578125,639.2947998046875,721.012939453125,931.44140625,884.6134643554688,973.1766967773438,860.2168579101562,1370.3809814453125,809.9887084960938,1357.4287109375,871.6976928710938,1725.849853515625,878.873046875,1724.4110107421875,864.522216796875
422.15838623046875,939.1661987304688,389.05523681640625,930.5311279296875,389.05523681640625,939.1661987304688,390.4945068359375,880.1596069335938,393.3730163574219,877.28125,525.7854614257812,864.3285522460938,602.066650390625,754.950439453125,674.0299072265625,936.2879028320312,776.2178344726562,685.8695678710938,622.2163696289062,1052.8619384765625,639.487548828125,717.5316162109375,927.3406982421875,881.5988159179688,969.0794067382812,858.5718383789062,1363.4383544921875,809.6395263671875,1361.9990234375,872.9637451171875,1739.0867919921875,878.720458984375,1741.96533203125,865.7677612304688
414.4105224609375,937.708251953125,381.30078125,929.07568359375,379.86126708984375,937.708251953125,381.30078125,878.7185668945312,384.179931640625,874.4022216796875,525.2559814453125,860.0144653320312,588.5962524414062,759.3002319335938,670.6507568359375,939.1470336914062,769.9798583984375,693.1165771484375,620.2664184570312,1042.7388916015625,643.2992553710938,724.7695922851562,931.2096557617188,880.1573486328125,967.1984252929688,857.1369018554688,1368.8333740234375,811.0961303710938,1354.4378662109375,871.5247192382812,1730.1607666015625,878.7185668945312,1728.721435546875,864.3307495117188
438.89306640625,928.823486328125,379.8751525878906,936.0100708007812,356.8437194824219,953.2576904296875,392.8302917480469,875.6431884765625,440.3325500488281,777.9063110351562,519.5029907226562,854.0836181640625,597.23388671875,746.2855834960938,677.8438110351562,941.7593383789062,778.606201171875,687.35595703125,623.1442260742188,1040.9334716796875,591.47607421875,740.5363159179688,916.7945556640625,881.392333984375,970.0546264648438,861.2701416015625,1351.51220703125,812.4016723632812,1339.9964599609375,848.3343505859375,1770.3956298828125,879.955078125,1695.5435791015625,833.9613037109375
447.148193359375,929.314697265625,380.9087219238281,936.4909057617188,401.0685729980469,933.6204833984375,398.1885986328125,874.7763061523438,437.06829833984375,778.6163330078125,520.587646484375,854.6831665039062,596.9070434570312,747.0414428710938,677.5464477539062,942.2317504882812,778.3456420898438,686.7620849609375,622.8268432617188,1041.26220703125,589.7070922851562,741.3005981445312,919.4645385742188,880.5171508789062,972.744140625,866.1649780273438,1354.341064453125,813.0617065429688,1328.4212646484375,848.9422607421875,1774.8179931640625,880.5171508789062,1698.4984130859375,837.4605102539062
407.078369140625,934.3241577148438,382.5965576171875,922.8158569335938,381.15643310546875,934.3241577148438,382.5965576171875,872.4669799804688,431.56024169921875,771.7691650390625,532.3677368164062,850.8888549804688,605.813232421875,742.9984741210938,673.498291015625,948.7095336914062,780.066162109375,684.0183715820312,615.8939819335938,1053.722900390625,640.3757934570312,717.104736328125,932.717529296875,871.0283813476562,964.4000244140625,842.2576293945312,1386.3514404296875,806.2941284179688,1346.0284423828125,856.64306640625,1743.4981689453125,878.2210693359375,1753.5789794921875,871.0283813476562
412.87994384765625,924.5427856445312,386.97027587890625,917.35107421875,386.97027587890625,925.9811401367188,391.2885437011719,861.25537109375,441.66851806640625,759.1326293945312,538.1101684570312,845.43359375,604.3239135742188,733.2423095703125,682.052978515625,946.1179809570312,791.4495239257812,677.146728515625,615.8392944335938,1043.9256591796875,611.52099609375,726.0505981445312,936.8316650390625,867.0087890625,982.8934936523438,852.6253051757812,1345.6292724609375,802.2830810546875,1342.75048828125,803.7214965820312,1696.849609375,826.7350463867188,1696.849609375,825.2966918945312
410.7352294921875,912.39013671875,380.49871826171875,899.4444580078125,370.4198303222656,915.2669677734375,390.57757568359375,836.15478515625,415.05474853515625,735.466552734375,538.880615234375,823.209228515625,593.5942993164062,722.52099609375,682.8641357421875,945.473388671875,811.0093994140625,669.3001098632812,610.872314453125,1073.4912109375,631.0300903320312,709.5753784179688,947.7938232421875,844.7852172851562,970.8311767578125,839.0316162109375,1329.3502197265625,798.75634765625,1326.4705810546875,797.3179321289062,1699.3878173828125,824.6475219726562,1699.3878173828125,823.209228515625
416.0637512207031,886.2784423828125,395.901123046875,880.5216064453125,397.34130859375,884.8392333984375,394.4609375,820.0750122070312,447.7479248046875,729.405029296875,542.8004150390625,805.6829223632812,596.08740234375,707.8169555664062,679.6183471679688,945.2858276367188,783.31201171875,670.3976440429688,609.049072265625,1064.739990234375,653.6950073242188,691.9856567382812,948.9337158203125,835.90625,967.6561279296875,834.467041015625,1385.3109130859375,805.6829223632812,1344.9857177734375,854.615966796875,1651.7459716796875,821.5142211914062,1651.7459716796875,820.0750122070312
416.4423828125,887.0068359375,394.84930419921875,879.8209838867188,396.288818359375,885.5696411132812,394.84930419921875,820.89697265625,448.1122131347656,728.9180908203125,541.6821899414062,806.5252685546875,593.5055541992188,708.7976684570312,681.3173217773438,944.4935913085938,790.72216796875,669.9940795898438,610.780029296875,1065.2159423828125,655.4057006835938,690.114501953125,951.950439453125,835.2686767578125,972.1039428710938,833.8314819335938,1391.009521484375,805.0880737304688,1349.262939453125,853.9518432617188,1658.763427734375,819.4597778320312,1658.763427734375,819.4597778320312
404.7441101074219,866.9878540039062,394.6645812988281,856.9205932617188,396.10455322265625,856.9205932617188,394.6645812988281,806.583984375,396.10455322265625,713.1016845703125,545.8577270507812,796.5166625976562,604.8950805664062,700.1580200195312,681.2116088867188,940.3355102539062,805.0459594726562,690.0906982421875,616.4144897460938,1069.7725830078125,705.6904296875,682.8997802734375,934.6400146484375,831.0331420898438,943.2797241210938,828.1567993164062,1346.4613037109375,790.763916015625,1326.30224609375,851.1678466796875,1607.0894775390625,776.3820190429688,1607.0894775390625,859.7969360351562
415.5118713378906,860.0382080078125,383.82861328125,851.4274291992188,375.18768310546875,860.0382080078125,396.7899169921875,786.8471069335938,388.1490478515625,690.6939697265625,546.5655517578125,798.3280029296875,591.210205078125,696.4344482421875,686.2601318359375,937.5347900390625,745.3063354492188,670.602294921875,618.5730590820312,1039.4283447265625,712.182861328125,674.9076538085938,926.76513671875,821.2899169921875,982.9310913085938,814.1143798828125,1389.0533447265625,852.8626098632812,1354.48974609375,851.4274291992188,1688.604736328125,857.16796875,1688.604736328125,819.8548583984375
419.10382080078125,837.424560546875,397.5169677734375,828.7965698242188,393.1995849609375,835.9864501953125,400.3952331542969,759.7732543945312,440.6907653808594,670.6182250976562,552.9425659179688,768.4012451171875,604.7511596679688,661.9902954101562,679.5857543945312,942.3973999023438,791.8375854492188,660.5523071289062,609.0685424804688,1063.1881103515625,737.1507568359375,651.9243774414062,945.8240966796875,795.722900390625,980.3631591796875,811.540771484375,1347.34033203125,769.8391723632812,1332.9490966796875,769.8391723632812,1600.62646484375,771.2771606445312,1600.62646484375,769.8391723632812
407.85296630859375,818.98095703125,390.57476806640625,804.5997924804688,386.2552185058594,811.7903442382812,404.9732666015625,741.3224487304688,406.4131164550781,739.8843383789062,553.2777099609375,752.8273315429688,600.792724609375,655.03515625,678.5445556640625,932.5925903320312,795.1723022460938,660.7876586914062,606.5521240234375,1079.281005859375,704.4617919921875,639.2158203125,960.7548828125,785.9041748046875,943.4766235351562,722.6268310546875,1365.352294921875,771.5230102539062,1358.1531982421875,840.5528564453125,1548.213134765625,772.9610595703125,1646.122802734375,823.2953491210938
410.0835876464844,818.3798828125,392.7998046875,802.5497436523438,389.9191589355469,809.7453002929688,395.680419921875,740.668212890625,427.3673400878906,657.2000732421875,544.0328979492188,753.6201171875,591.5633544921875,658.63916015625,677.9822387695312,937.82568359375,786.0059204101562,658.63916015625,616.0487060546875,1064.467041015625,711.1094970703125,642.8089599609375,932.9180908203125,786.7195434570312,963.1646728515625,721.9598388671875,1362.132080078125,769.4502563476562,1352.0498046875,769.4502563476562,1752.45751953125,865.8704223632812,1753.89794921875,867.3095703125
414.760986328125,803.7675170898438,403.24029541015625,786.51611328125,394.5997619628906,803.7675170898438,406.1204528808594,717.510498046875,407.560546875,716.0728759765625,555.889404296875,740.5123901367188,597.65185546875,639.8792114257812,681.1768798828125,938.9034423828125,779.102783203125,649.9425659179688,617.8131103515625,1068.2889404296875,727.2595825195312,631.2535400390625,1042.6383056640625,785.0784912109375,923.111328125,723.2609252929688,1333.5357666015625,759.2013549804688,1314.8145751953125,757.7637329101562,1584.1107177734375,772.139892578125,1584.1107177734375,829.6446533203125
416.0469055175781,792.3276977539062,388.68707275390625,775.0833740234375,390.12701416015625,789.4536743164062,401.6470031738281,703.23193359375,407.4069519042969,698.9208374023438,568.68603515625,727.6614379882812,609.0057373046875,619.88427734375,679.5653076171875,930.282470703125,719.8850708007812,601.2029418945312,613.3257446289062,1072.54833984375,725.6450805664062,609.8250732421875,1028.0433349609375,773.6463623046875,931.5638427734375,710.4171142578125,1163.4024658203125,700.3578491210938,1166.282470703125,701.7948608398438,613.3257446289062,1072.54833984375,613.3257446289062,1072.54833984375
431.00103759765625,752.18701171875,405.0879211425781,733.5164794921875,406.5275573730469,743.56982421875,406.5275573730469,670.3240966796875,418.0444641113281,667.4517211914062,546.1702270507812,688.9945678710938,622.4698486328125,592.7697143554688,667.097900390625,920.2213745117188,750.595703125,592.7697143554688,727.561767578125,592.7697143554688,727.561767578125,585.5887451171875,993.890625,760.8041381835938,980.93408203125,686.1221923828125,1375.388671875,796.7089233398438,1371.06982421875,759.3679809570312,1769.84326171875,868.5184936523438,1769.84326171875,869.9547119140625
422.5433044433594,733.8988037109375,395.1957092285156,716.6376953125,399.5137634277344,614.5093994140625,413.9071960449219,654.7853393554688,418.2252502441406,653.346923828125,554.9629516601562,670.6080322265625,624.0514526367188,575.671875,667.2317504882812,918.0174560546875,756.4710693359375,732.4603881835938,742.07763671875,585.7408447265625,747.8350830078125,810.135498046875,978.1300048828125,735.3372802734375,1006.9169921875,670.6080322265625,1392.6611328125,792.8743896484375,1376.828369140625,761.2288818359375,1765.451416015625,864.7955932617188,1762.5723876953125,864.7955932617188
422.5433044433594,733.8988037109375,395.1957092285156,716.6376953125,399.5137634277344,614.5093994140625,413.9071960449219,654.7853393554688,418.2252502441406,653.346923828125,554.9629516601562,670.6080322265625,624.0514526367188,575.671875,667.2317504882812,918.0174560546875,756.4710693359375,732.4603881835938,742.07763671875,585.7408447265625,747.8350830078125,810.135498046875,978.1300048828125,735.3372802734375,1006.9169921875,670.6080322265625,1392.6611328125,792.8743896484375,1376.828369140625,761.2288818359375,1765.451416015625,864.7955932617188,1762.5723876953125,864.7955932617188
419.0977478027344,725.583251953125,406.142333984375,704.0146484375,407.5818176269531,587.5443115234375,413.33978271484375,636.43310546875,466.6009216308594,555.9103393554688,558.7283325195312,662.3153686523438,633.581787109375,564.5377807617188,665.2506103515625,912.5111083984375,751.6200561523438,716.9558715820312,731.4671630859375,558.7861328125,751.6200561523438,807.5439453125,1006.4098510742188,732.7728271484375,1009.288818359375,656.563720703125,1396.51171875,806.1060180664062,1383.5562744140625,761.5308837890625,1772.218505859375,862.1843872070312,1773.658203125,863.6222534179688
430.4932556152344,705.9583740234375,406.02093505859375,687.28271484375,408.9000549316406,697.3388061523438,413.21868896484375,619.7631225585938,423.29547119140625,616.889892578125,555.7338256835938,649.931396484375,634.9088745117188,550.806884765625,663.6997680664062,911.3903198242188,751.5120849609375,707.3949584960938,741.435302734375,812.2657470703125,745.7539672851562,806.5194091796875,997.674560546875,714.577880859375,1003.4327392578125,645.6216430664062,1405.0662841796875,805.0828857421875,1377.71484375,754.80224609375,1756.315673828125,853.9268188476562,1777.9088134765625,862.5463256835938
401.238525390625,665.2861938476562,395.484375,648.0270385742188,396.9229431152344,660.971435546875,424.2550048828125,591.9345092773438,427.132080078125,590.4962768554688,586.80908203125,626.4529418945312,650.1044311523438,527.2124633789062,660.1741333007812,906.915283203125,789.6419677734375,649.4652709960938,602.6328735351562,1076.630859375,740.7318725585938,796.1685791015625,1073.0325927734375,695.4898071289062,1104.680419921875,706.9959716796875,591.1246337890625,1076.630859375,1195.3077392578125,665.2861938476562,602.6328735351562,1076.630859375,606.948486328125,1076.630859375
419.5045166015625,659.4859008789062,395.0240173339844,637.9041748046875,395.0240173339844,649.4144287109375,420.94451904296875,583.23046875,423.8245849609375,577.475341796875,576.4676513671875,614.8837280273438,668.6295166015625,512.7301635742188,645.589111328125,901.201416015625,773.751708984375,691.13916015625,737.7509765625,804.802978515625,744.9511108398438,797.6090087890625,1035.8369140625,708.404541015625,1067.517578125,626.3939819335938,1395.84423828125,794.7315063476562,1374.2437744140625,731.425048828125,1804.8125,872.42578125,1804.8125,869.5482177734375
419.5045166015625,659.4859008789062,395.0240173339844,637.9041748046875,395.0240173339844,649.4144287109375,420.94451904296875,583.23046875,423.8245849609375,577.475341796875,576.4676513671875,614.8837280273438,668.6295166015625,512.7301635742188,645.589111328125,901.201416015625,773.751708984375,691.13916015625,737.7509765625,804.802978515625,744.9511108398438,797.6090087890625,1035.8369140625,708.404541015625,1067.517578125,626.3939819335938,1395.84423828125,794.7315063476562,1374.2437744140625,731.425048828125,1804.8125,872.42578125,1804.8125,869.5482177734375
419.69989013671875,655.7383422851562,402.4230651855469,634.14794921875,405.302490234375,645.662841796875,425.4588928222656,565.0585327148438,431.2178039550781,563.6192016601562,591.02880859375,609.6787719726562,638.5401611328125,514.6808471679688,651.4978637695312,903.3086547851562,779.6346435546875,660.056396484375,745.0809326171875,803.9927368164062,743.64111328125,802.55322265625,1079.100341796875,681.6468505859375,1073.34130859375,703.2373046875,638.5401611328125,900.4299926757812,602.5467529296875,1077.471435546875,603.9864501953125,1077.471435546875,608.3057250976562,1077.471435546875
426.72991943359375,643.94677734375,405.15264892578125,623.7936401367188,405.15264892578125,632.4306640625,426.72991943359375,557.5761108398438,429.6069030761719,556.1365356445312,595.0328369140625,603.6404418945312,583.52490234375,579.1687622070312,643.9413452148438,901.6192626953125,771.9666137695312,674.176513671875,733.1275024414062,806.6115112304688,733.1275024414062,806.6115112304688,1084.1181640625,674.176513671875,1084.1181640625,687.132080078125,638.1873779296875,891.5426635742188,656.8876953125,875.7080078125,602.2252197265625,1064.283935546875,605.1022338867188,1064.283935546875
453.188232421875,635.3184814453125,420.06072998046875,615.1946411132812,428.7027282714844,631.0062255859375,424.3817443847656,543.3236694335938,434.4640197753906,540.4488525390625,620.2660522460938,544.7611694335938,677.8790283203125,482.9521484375,641.8709106445312,889.7415161132812,764.2986450195312,691.3778076171875,729.7307739257812,812.1209106445312,736.932373046875,810.6834716796875,1052.3636474609375,678.4410400390625,1073.968505859375,597.9456176757812,1390.8402099609375,773.3106079101562,1390.8402099609375,712.9390869140625,1784.049072265625,863.8680419921875,1788.3702392578125,863.8680419921875
442.99322509765625,617.5531005859375,411.3202819824219,603.1555786132812,407.00128173828125,614.6736450195312,438.6741638183594,535.4871826171875,448.75189208984375,532.6077270507812,605.6767578125,564.2822875976562,667.5828857421875,476.4573059082031,637.3496704101562,886.787109375,782.757080078125,680.90234375,730.9287109375,807.6006469726562,736.6874389648438,806.160888671875,1049.0975341796875,673.7035522460938,1051.976806640625,594.51708984375,1414.7755126953125,773.0465698242188,1410.45654296875,722.6552124023438,1764.6170654296875,856.55224609375,1763.1773681640625,855.112548828125
447.5005187988281,616.3673706054688,418.7118835449219,603.425048828125,405.75701904296875,614.9293212890625,438.8639221191406,535.8369750976562,448.93994140625,532.9608764648438,605.8378295898438,564.5978393554688,673.4910888671875,475.4391784667969,641.8236083984375,888.1576538085938,787.2061157226562,682.5173950195312,731.0682983398438,807.6271362304688,735.3865966796875,806.1890869140625,1044.8641357421875,672.4511108398438,1047.7430419921875,593.3587036132812,1410.4794921875,773.1140747070312,1407.6005859375,721.3446044921875,1773.2159423828125,857.9586791992188,1776.0947265625,856.5206298828125
440.09844970703125,613.8699951171875,409.8590087890625,596.616943359375,402.6591491699219,610.9944458007812,445.85833740234375,533.3560180664062,450.17828369140625,530.4805297851562,608.5753784179688,563.5487060546875,669.0542602539062,475.84600830078125,635.9348754882812,885.6046142578125,785.692138671875,684.3197021484375,729.533203125,807.9661254882812,733.8531494140625,807.9661254882812,1043.447509765625,669.9421997070312,1049.2073974609375,590.865966796875,1412.080810546875,770.5845947265625,1412.080810546875,724.57666015625,1776.39404296875,858.2872924804688,1779.2740478515625,856.849609375
429.59918212890625,608.7034301757812,403.68157958984375,588.5843505859375,400.8018493652344,604.3922119140625,445.43768310546875,532.53857421875,451.1971740722656,526.790283203125,616.78173828125,561.280029296875,674.3763427734375,473.61859130859375,638.3797607421875,881.7472534179688,778.0467529296875,681.9940795898438,730.5311279296875,805.582275390625,733.410888671875,805.582275390625,1040.102294921875,667.6233520507812,1044.421875,588.5843505859375,1408.7078857421875,768.2183837890625,1407.26806640625,730.8546142578125,1772.993896484375,855.8798828125,1778.75341796875,855.8798828125
425.6715087890625,606.975341796875,404.06671142578125,588.2606811523438,399.7457580566406,602.6565551757812,442.9552917480469,526.3584594726562,454.4778137207031,519.1605224609375,611.4723510742188,562.3480834960938,670.5253295898438,474.5332946777344,634.5173950195312,880.496826171875,768.466796875,680.3942260742188,725.25732421875,807.0778198242188,728.1380004882812,805.6383666992188,1037.8060302734375,668.8775634765625,1060.85107421875,591.1398315429688,1409.40771484375,766.7694702148438,1399.3255615234375,720.7026977539062,1776.6883544921875,861.7822265625,1772.36767578125,854.5842895507812
419.1310729980469,601.926513671875,409.0525817871094,587.5327758789062,411.9321594238281,599.0477294921875,434.96875,525.6398315429688,440.72784423828125,518.4429931640625,607.742919921875,552.9878540039062,678.2924194335938,469.5043640136719,630.779541015625,882.6038208007812,764.679443359375,682.5313110351562,708.5278930664062,812.07470703125,733.0042114257812,809.1959838867188,1061.2752685546875,672.4556884765625,1036.798828125,586.0934448242188,1402.5042724609375,767.4542236328125,1406.8236083984375,718.5155639648438,1771.0892333984375,858.1345825195312,1766.7698974609375,852.3770141601562
420.354736328125,609.9578857421875,400.2070007324219,586.9237060546875,394.4504699707031,604.1993408203125,439.0633544921875,525.0192260742188,443.3807067871094,522.1399536132812,613.1974487304688,569.6480102539062,643.4190673828125,494.78680419921875,631.9060668945312,889.2478637695312,754.231689453125,676.1812744140625,725.4491577148438,808.6280517578125,724.010009765625,811.5073852539062,1065.0826416015625,666.1038208007812,1013.274169921875,594.121826171875,1400.398681640625,719.3704833984375,1400.398681640625,712.1722412109375,1400.398681640625,710.732666015625,598.80615234375,1077.840576171875
417.1850891113281,609.2657470703125,399.916748046875,587.7053833007812,394.16064453125,604.9536743164062,438.7704772949219,525.8990478515625,444.52655029296875,521.5870361328125,611.4535522460938,560.3956298828125,643.1121215820312,494.2772216796875,630.160888671875,888.1129760742188,753.9171142578125,676.821533203125,726.5756225585938,809.058349609375,726.5756225585938,810.4957275390625,1066.185791015625,666.760009765625,1011.502685546875,593.454833984375,1404.3568115234375,718.5048828125,1404.3568115234375,711.318115234375,592.7462158203125,1077.8441162109375,598.5023193359375,1077.8441162109375
419.2705078125,610.4432373046875,401.99114990234375,588.8709106445312,396.2313232421875,603.25244140625,439.4297790527344,529.9066772460938,440.8697509765625,524.154052734375,610.7835083007812,561.5460815429688,642.4623413085938,495.3909912109375,630.9427490234375,889.44482421875,756.2182006835938,678.036376953125,737.4988403320312,470.9424133300781,727.4192504882812,810.346435546875,1070.126708984375,662.2166748046875,1011.0889282226562,593.1853637695312,1402.7545166015625,719.7427978515625,1402.7545166015625,711.1138916015625,592.064208984375,1077.8428955078125,593.504150390625,1077.8428955078125
422.5456237792969,613.1563720703125,402.4040222167969,591.5765991210938,392.333251953125,605.9631958007812,441.2485656738281,535.4690551757812,442.687255859375,529.7144165039062,608.1360473632812,575.7514038085938,659.9287109375,498.06402587890625,638.3484497070312,892.2554931640625,750.5658569335938,667.8253173828125,736.1790161132812,808.8135375976562,733.3016357421875,811.6908569335938,1068.5152587890625,675.0185546875,1049.8123779296875,690.8438110351562,622.5228881835938,886.5009155273438,623.9615478515625,880.7462768554688,595.1878662109375,1077.842041015625,599.50390625,1077.842041015625
435.7886962890625,615.5430297851562,405.5575866699219,593.9686889648438,404.1180114746094,612.6664428710938,438.6678466796875,534.998779296875,450.1844787597656,532.1221923828125,604.21923828125,569.5177612304688,669.000244140625,478.9054870605469,644.5274047851562,881.6266479492188,785.6060180664062,683.1426391601562,732.3416137695312,808.27392578125,735.2208251953125,808.27392578125,1074.9610595703125,667.3214721679688,1049.0487060546875,592.5303955078125,1407.50341796875,772.316650390625,1401.7451171875,720.5382080078125,1767.397705078125,858.6140747070312,1773.156005859375,858.6140747070312
