1180.650634765625,518.8267211914062,1187.8465576171875,507.3296813964844,1170.5762939453125,504.45538330078125,1196.4815673828125,498.70684814453125,1141.7928466796875,480.02410888671875,1192.1639404296875,472.8384704589844,1038.1722412109375,472.8384704589844,1200.799072265625,559.06640625,997.8753662109375,597.8689575195312,1200.799072265625,653.9171752929688,986.3618774414062,695.5940551757812,1120.2052001953125,530.3237915039062,1010.827880859375,513.078125,1157.623779296875,596.431884765625,1038.1722412109375,620.8630981445312,1141.7928466796875,744.4564819335938,1035.2938232421875,758.8278198242188
1183.1082763671875,500.751708984375,1183.1082763671875,492.1244201660156,1174.471435546875,490.6865234375,1219.094970703125,460.4909973144531,1147.1214599609375,470.5561828613281,1210.4581298828125,461.92889404296875,1044.9193115234375,470.5561828613281,1203.2608642578125,548.201904296875,1007.4931030273438,587.0247192382812,1201.8214111328125,650.2916259765625,993.098388671875,683.3629150390625,1144.24267578125,523.7578125,1017.5693969726562,502.1896057128906,1160.0767822265625,594.214111328125,1043.4798583984375,607.155029296875,1144.24267578125,736.5645751953125,1037.721923828125,762.4464721679688
1176.360107421875,501.7736511230469,1182.12060546875,491.7103576660156,1166.279296875,487.39752197265625,1216.68359375,461.5205078125,1144.6773681640625,468.70855712890625,1208.0428466796875,462.9581298828125,1045.308837890625,468.70855712890625,1202.2823486328125,554.9652709960938,1007.8656005859375,582.2799682617188,1202.2823486328125,651.2853393554688,992.0242309570312,684.3504638671875,1140.3570556640625,531.9635009765625,1015.0662231445312,501.7736511230469,1160.518798828125,595.2184448242188,1040.9884033203125,609.5945434570312,1143.2373046875,738.9796752929688,1040.9884033203125,761.9815063476562
1182.5103759765625,496.8945007324219,1183.9439697265625,483.96881103515625,1169.6082763671875,481.096435546875,1225.51708984375,449.5002746582031,1143.8043212890625,448.0640869140625,1214.0487060546875,458.117431640625,1049.189453125,465.29833984375,1205.447265625,552.9058837890625,1007.6161499023438,591.6829833984375,1205.447265625,641.9495849609375,994.7142333984375,683.5990600585938,1118.000244140625,528.4906616210938,1019.0846557617188,498.3307189941406,1165.3076171875,593.1192016601562,1040.5880126953125,610.3534545898438,1145.23779296875,735.3018798828125,1044.8887939453125,762.5894775390625
1188.9344482421875,486.34661865234375,1190.37255859375,476.2965393066406,1175.9908447265625,476.2965393066406,1216.2596435546875,451.8893127441406,1141.4747314453125,449.0178527832031,1226.326904296875,453.32501220703125,1050.8697509765625,459.0679016113281,1213.38330078125,548.0826416015625,1007.7245483398438,582.5399169921875,1214.821533203125,642.8402099609375,996.2191772460938,677.2974853515625,1115.5875244140625,525.111083984375,1039.3643798828125,535.1611328125,1167.36181640625,591.1542358398438,1050.8697509765625,598.3328857421875,1144.35107421875,733.2906494140625,1045.1170654296875,759.1336059570312
1195.4019775390625,480.4106140136719,1201.154296875,468.9222412109375,1183.897216796875,466.0502014160156,1232.792236328125,428.71307373046875,1149.3831787109375,443.073486328125,1231.354248046875,447.3816223144531,1057.345458984375,454.5618591308594,1218.411376953125,543.5964965820312,1011.3265991210938,573.7534790039062,1216.9732666015625,639.8114013671875,999.8219604492188,674.2764892578125,1124.9356689453125,520.6198120117188,1022.831298828125,486.15478515625,1172.392578125,588.1138916015625,1058.7835693359375,590.9859619140625,1146.5069580078125,727.4100952148438,1048.7169189453125,759.0030517578125
1206.0096435546875,476.648193359375,1216.0845947265625,462.26239013671875,1193.055908203125,460.8238220214844,1239.1134033203125,430.61370849609375,1152.755859375,437.8066101074219,1237.674072265625,449.315185546875,1057.7625732421875,449.315185546875,1226.15966796875,544.2612915039062,1017.46240234375,570.1557006835938,1221.8419189453125,636.3302612304688,1001.630126953125,670.8560791015625,1122.5306396484375,519.8054809570312,1056.3232421875,528.4369506835938,1178.6630859375,578.787109375,1062.0804443359375,587.4185791015625,1149.877197265625,725.5220336914062,1050.5660400390625,757.1707153320312
1206.0096435546875,476.648193359375,1216.0845947265625,462.26239013671875,1193.055908203125,460.8238220214844,1239.1134033203125,430.61370849609375,1152.755859375,437.8066101074219,1237.674072265625,449.315185546875,1057.7625732421875,449.315185546875,1226.15966796875,544.2612915039062,1017.46240234375,570.1557006835938,1221.8419189453125,636.3302612304688,1001.630126953125,670.8560791015625,1122.5306396484375,519.8054809570312,1056.3232421875,528.4369506835938,1178.6630859375,578.787109375,1062.0804443359375,587.4185791015625,1149.877197265625,725.5220336914062,1050.5660400390625,757.1707153320312
1210.210693359375,473.52606201171875,1217.3804931640625,462.008544921875,1194.4371337890625,456.2497863769531,1243.1917724609375,428.8956298828125,1154.2862548828125,431.7750244140625,1243.1917724609375,446.17193603515625,1061.078857421875,446.17193603515625,1228.8521728515625,541.1915893554688,1018.0601196289062,568.5457763671875,1221.682373046875,631.8922119140625,1003.7205200195312,666.44482421875,1154.2862548828125,515.2771606445312,1052.47509765625,515.2771606445312,1181.531494140625,575.7442016601562,1061.078857421875,588.7014770507812,1154.2862548828125,721.1531372070312,1051.0411376953125,754.2660522460938
1212.76416015625,465.7000427246094,1224.240234375,449.9023132324219,1196.984619140625,445.5938720703125,1247.1922607421875,422.6153564453125,1149.6461181640625,421.1792297363281,1245.7578125,439.8492736816406,1066.4449462890625,441.285400390625,1231.4127197265625,536.0716552734375,1019.1063232421875,561.9224853515625,1224.240234375,629.4218139648438,1004.7612915039062,661.0172729492188,1155.3841552734375,515.9655151367188,1054.9688720703125,510.22088623046875,1184.07421875,576.2840576171875,1065.010498046875,579.1563720703125,1156.818603515625,721.3358154296875,1053.534423828125,757.23974609375
1214.9949951171875,455.99017333984375,1227.955810546875,440.15679931640625,1202.0340576171875,440.15679931640625,1252.4373779296875,412.8082580566406,1153.0709228515625,415.68707275390625,1253.87744140625,432.95977783203125,1068.10546875,437.2779846191406,1232.2760009765625,533.717529296875,1019.1422119140625,558.187255859375,1226.515625,625.8388671875,1003.30126953125,658.9449462890625,1158.831298828125,509.247802734375,1062.344970703125,516.44482421875,1189.0733642578125,574.0206298828125,1063.78515625,576.8994140625,1160.2713623046875,722.2784423828125,1053.7044677734375,745.3087768554688
1222.9569091796875,444.21539306640625,1238.763427734375,425.50433349609375,1208.58740234375,425.50433349609375,1254.570068359375,406.7932434082031,1152.5458984375,406.7932434082031,1254.570068359375,429.822265625,1066.328369140625,434.14019775390625,1237.3265380859375,526.2562255859375,1016.0347900390625,559.3604125976562,1231.5787353515625,618.3722534179688,1003.1021118164062,654.3550415039062,1171.226318359375,504.66650390625,1054.832763671875,506.1058349609375,1188.4698486328125,569.4356079101562,1062.0174560546875,575.1928100585938,1164.0416259765625,716.2455444335938,1056.2696533203125,739.2744140625
1224.164306640625,444.422607421875,1238.5284423828125,425.74652099609375,1208.3638916015625,425.74652099609375,1254.328857421875,407.0704650878906,1152.3441162109375,407.0704650878906,1255.7652587890625,428.6197509765625,1066.15966796875,434.3662414550781,1238.5284423828125,526.3099975585938,1017.3218994140625,559.3522338867188,1231.346435546875,618.2537231445312,1004.394287109375,654.1692504882812,1171.0174560546875,504.76068115234375,1054.66845703125,506.1972961425781,1188.2542724609375,569.4085693359375,1061.8504638671875,575.1550903320312,1163.8353271484375,717.3805541992188,1056.1048583984375,738.9298095703125
1225.3082275390625,431.0238037109375,1239.710205078125,412.357177734375,1208.02587890625,415.22894287109375,1258.432861328125,389.3828125,1154.7384033203125,402.305908203125,1252.6719970703125,429.587890625,1072.6470947265625,431.0238037109375,1241.1505126953125,520.04931640625,1017.9195556640625,557.3826293945312,1235.3896484375,616.25439453125,1004.957763671875,649.2799682617188,1172.0208740234375,495.6391296386719,1028.0008544921875,449.6904602050781,1190.7435302734375,564.5621337890625,1064.0059814453125,567.4338989257812,1167.7003173828125,715.3311767578125,1058.2451171875,741.17724609375
1225.4073486328125,425.4349365234375,1241.1934814453125,406.7439880371094,1208.18603515625,403.86846923828125,1256.9796142578125,389.49078369140625,1155.087158203125,392.3663635253906,1258.414794921875,419.6838684082031,1073.2862548828125,416.808349609375,1244.063720703125,517.4518432617188,1020.1874389648438,551.958251953125,1239.7584228515625,608.0310668945312,1005.8363647460938,646.8507080078125,1162.2626953125,497.32318115234375,1028.798095703125,448.4391784667969,1190.96484375,562.0225830078125,1067.5458984375,562.0225830078125,1168.003173828125,712.9879150390625,1061.805419921875,731.6788330078125
1227.0235595703125,420.9989318847656,1242.84326171875,400.87847900390625,1212.6419677734375,400.87847900390625,1258.6629638671875,383.63238525390625,1168.05908203125,385.0695495605469,1258.6629638671875,413.8130187988281,1068.8262939453125,412.3758850097656,1242.84326171875,517.2896118164062,1018.4907836914062,548.907470703125,1239.967041015625,606.3944702148438,1006.985595703125,643.760986328125,1173.8116455078125,491.4205017089844,1058.75927734375,492.8576354980469,1191.0697021484375,554.6561279296875,1064.5118408203125,564.7163696289062,1173.8116455078125,715.6197509765625,1057.321044921875,727.1171264648438
1227.03076171875,415.11834716796875,1241.41845703125,394.9629211425781,1209.7655029296875,396.402587890625,1258.6837158203125,377.6868591308594,1163.7247314453125,379.1264953613281,1261.561279296875,413.67864990234375,1068.765869140625,406.4802551269531,1245.73486328125,511.5762939453125,1019.84765625,543.2490844726562,1239.979736328125,603.7152709960938,1008.33740234375,639.70703125,1175.2349853515625,488.54156494140625,1057.255615234375,488.54156494140625,1193.93896484375,550.4473876953125,1064.4495849609375,559.08544921875,1175.2349853515625,711.6906127929688,1058.6944580078125,723.2080078125
1227.5377197265625,415.0036926269531,1240.4678955078125,394.848388671875,1208.8607177734375,396.28802490234375,1259.1448974609375,377.5723876953125,1164.3231201171875,380.4516906738281,1260.5816650390625,413.56402587890625,1069.5013427734375,406.3656921386719,1246.2147216796875,511.4613342285156,1020.6536865234375,543.1339111328125,1239.03125,603.5999755859375,1007.7235107421875,639.5916137695312,1175.8167724609375,488.4266662597656,1058.0078125,488.4266662597656,1194.4937744140625,550.332275390625,1065.1912841796875,558.9702758789062,1175.8167724609375,711.574951171875,1059.4444580078125,728.8508911132812
1223.8895263671875,414.8465270996094,1238.271240234375,396.1540832519531,1208.0697021484375,396.1540832519531,1259.84375,376.02374267578125,1164.9244384765625,377.4616394042969,1259.84375,407.6571350097656,1067.1287841796875,406.21923828125,1245.4620361328125,508.30877685546875,1018.2310180664062,542.81787109375,1238.271240234375,601.7709350585938,1005.2874755859375,640.59375,1173.553466796875,486.74053955078125,1058.499755859375,488.1784362792969,1195.1260986328125,550.0072631835938,1067.1287841796875,552.883056640625,1173.553466796875,708.1741333007812,1058.499755859375,723.9907836914062
1224.5400390625,410.66192626953125,1238.9403076171875,390.55511474609375,1207.259521484375,391.9913330078125,1260.5408935546875,373.3207092285156,1159.73828125,373.3207092285156,1260.5408935546875,407.7895202636719,1064.6959228515625,407.7895202636719,1244.7005615234375,508.3236389160156,1017.1746215820312,539.9200439453125,1238.9403076171875,601.6766357421875,1005.654296875,639.0178833007812,1177.018798828125,481.0357666015625,1057.4957275390625,485.3443908691406,1192.8592529296875,552.8458251953125,1067.575927734375,548.5372314453125,1174.138671875,705.0831298828125,1057.4957275390625,722.3175048828125
1221.8265380859375,410.4251403808594,1236.2076416015625,390.2898864746094,1206.0074462890625,390.2898864746094,1257.7794189453125,371.5929260253906,1159.9879150390625,371.5929260253906,1259.217529296875,404.67218017578125,1062.1964111328125,406.11041259765625,1246.2745361328125,508.2248229980469,1014.73876953125,536.9894409179688,1240.5220947265625,603.1480102539062,1003.23388671875,639.103759765625,1171.4927978515625,480.8984069824219,1055.005859375,483.77490234375,1193.0643310546875,547.0570068359375,1065.0726318359375,552.8099365234375,1174.3690185546875,709.5770874023438,1056.4439697265625,728.2740478515625
1218.936279296875,415.7410888671875,1236.1441650390625,392.75433349609375,1201.7283935546875,392.75433349609375,1253.3521728515625,372.64093017578125,1154.406494140625,372.64093017578125,1259.088134765625,407.12103271484375,1059.7628173828125,407.12103271484375,1244.7481689453125,507.6880798339844,1012.44091796875,536.4215087890625,1241.8802490234375,599.6350708007812,999.5349731445312,639.8618774414062,1173.0484619140625,480.3913269042969,1054.02685546875,484.70135498046875,1194.558349609375,549.3515625,1061.19677734375,553.6615600585938,1173.0484619140625,705.9487915039062,1054.02685546875,726.0621948242188
1218.936279296875,415.7410888671875,1236.1441650390625,392.75433349609375,1201.7283935546875,392.75433349609375,1253.3521728515625,372.64093017578125,1154.406494140625,372.64093017578125,1259.088134765625,407.12103271484375,1059.7628173828125,407.12103271484375,1244.7481689453125,507.6880798339844,1012.44091796875,536.4215087890625,1241.8802490234375,599.6350708007812,999.5349731445312,639.8618774414062,1173.0484619140625,480.3913269042969,1054.02685546875,484.70135498046875,1194.558349609375,549.3515625,1061.19677734375,553.6615600585938,1173.0484619140625,705.9487915039062,1054.02685546875,726.0621948242188
1217.573974609375,416.2459411621094,1231.9573974609375,396.135986328125,1197.4373779296875,394.6995544433594,1252.0941162109375,378.89886474609375,1145.6571044921875,377.4624328613281,1256.4090576171875,409.0638122558594,1055.0419921875,399.0088195800781,1242.0257568359375,506.74072265625,1004.7001953125,548.3970947265625,1240.58740234375,604.417724609375,997.5084838867188,644.6375732421875,1167.232177734375,483.7579345703125,1050.7269287109375,480.8850402832031,1194.5606689453125,551.2699584960938,1059.35693359375,565.6342163085938,1172.985595703125,700.658203125,1053.6036376953125,717.8953247070312
1212.43798828125,418.46142578125,1229.65673828125,395.47210693359375,1193.7845458984375,394.0352783203125,1251.179931640625,375.3564453125,1146.4334716796875,381.1037902832031,1252.61474609375,411.2772521972656,1054.600830078125,402.6562805175781,1241.1357421875,511.8555908203125,1004.3798217773438,549.2132568359375,1241.1357421875,603.8129272460938,995.7705688476562,644.0442504882812,1169.3914794921875,484.5557556152344,1047.4263916015625,485.9925842285156,1193.7845458984375,556.3973999023438,1060.34033203125,569.3289184570312,1170.826416015625,707.2648315429688,1051.73095703125,725.9437255859375
1209.99560546875,419.63153076171875,1224.34375,395.156005859375,1191.3427734375,395.156005859375,1247.301025390625,374.99969482421875,1139.6890869140625,379.31890869140625,1248.73583984375,412.4328308105469,1050.729736328125,409.5533752441406,1241.561767578125,514.6541137695312,1000.5108032226562,553.5269775390625,1241.561767578125,609.6766967773438,993.3367309570312,647.10986328125,1165.515869140625,487.29913330078125,1043.5556640625,490.1785888671875,1191.3427734375,553.5269775390625,1060.7735595703125,570.8038330078125,1172.6900634765625,720.5364990234375,1050.729736328125,739.2529907226562
1208.0347900390625,415.06640625,1225.2906494140625,394.93157958984375,1190.77880859375,394.93157958984375,1245.422607421875,377.67315673828125,1134.6971435546875,380.549560546875,1249.736572265625,415.06640625,1051.2935791015625,404.9989929199219,1239.6705322265625,520.05517578125,1000.9637451171875,556.01025390625,1239.6705322265625,614.9765014648438,992.3358154296875,652.3697509765625,1163.45703125,484.1001281738281,1045.54150390625,491.2911376953125,1190.77880859375,563.2012329101562,1057.0455322265625,577.5833129882812,1174.9609375,730.03271484375,1051.2935791015625,747.2911376953125
1207.880859375,415.511474609375,1225.1627197265625,393.9137878417969,1190.5989990234375,395.3536682128906,1246.7650146484375,376.63568115234375,1134.4329833984375,380.95526123046875,1248.205078125,414.07159423828125,1050.9041748046875,403.9927062988281,1241.00439453125,519.1801147460938,1000.498779296875,556.6160278320312,1241.00439453125,614.209716796875,993.2980346679688,650.205810546875,1161.7960205078125,487.5035705566406,1043.703369140625,491.8231201171875,1190.5989990234375,563.8152465820312,1056.6646728515625,575.333984375,1177.6376953125,738.0361328125,1050.9041748046875,746.67529296875
1205.1328125,407.6522521972656,1222.38427734375,384.6641540527344,1185.006103515625,384.6641540527344,1245.38623046875,371.73333740234375,1133.2515869140625,371.73333740234375,1249.6990966796875,411.9625244140625,1045.556640625,401.90521240234375,1239.6357421875,518.2825317382812,1002.4279174804688,549.8912353515625,1242.510986328125,617.4187622070312,992.3645629882812,649.0274658203125,1163.441650390625,483.8003845214844,1044.1190185546875,488.1106262207031,1192.1942138671875,570.0057983398438,1054.182373046875,577.1896362304688,1173.5050048828125,736.6696166992188,1052.7447509765625,745.2902221679688
1203.49169921875,392.3835754394531,1220.715576171875,370.8153991699219,1181.9619140625,370.8153991699219,1243.6805419921875,354.998779296875,1130.29052734375,354.998779296875,1247.986572265625,403.8865661621094,1036.9947509765625,399.57293701171875,1243.6805419921875,520.3545532226562,1006.8530883789062,551.98779296875,1245.115966796875,618.1300659179688,993.9352416992188,656.9527587890625,1169.0440673828125,482.9697265625,1047.0419921875,494.4727783203125,1194.8797607421875,569.2423095703125,1058.5245361328125,569.2423095703125,1180.526611328125,736.0359497070312,1051.347900390625,747.5390014648438
1203.210693359375,365.9871826171875,1220.4869384765625,344.4294128417969,1180.175537109375,342.9922180175781,1237.76318359375,332.931884765625,1129.786376953125,327.1831359863281,1250.720458984375,399.0424499511719,1037.6461181640625,394.7309265136719,1243.52197265625,518.3289184570312,1005.972900390625,549.947021484375,1243.52197265625,614.6204223632812,994.4553833007812,651.9872436523438,1168.6580810546875,485.2736511230469,1050.603271484375,496.7711181640625,1190.25341796875,570.067626953125,1053.4827880859375,575.8163452148438,1177.296142578125,742.530029296875,1047.7239990234375,768.3992919921875
1202.85595703125,353.30792236328125,1220.081298828125,328.87591552734375,1178.4532470703125,330.3131103515625,1235.871337890625,330.3131103515625,1129.6478271484375,321.6900634765625,1250.225830078125,393.548828125,1040.64990234375,394.98602294921875,1243.0484619140625,518.5831298828125,1004.7636108398438,547.32666015625,1244.48388671875,613.4367065429688,994.7154541015625,646.4917602539062,1172.71142578125,475.4678649902344,1047.8271484375,486.9652404785156,1189.936767578125,571.7586669921875,1049.2625732421875,590.4419555664062,1182.759521484375,745.6568603515625,1053.5689697265625,774.4004516601562
1203.4949951171875,352.61602783203125,1219.3250732421875,331.01751708984375,1179.0306396484375,331.01751708984375,1236.5941162109375,323.8180236816406,1131.5406494140625,323.8180236816406,1250.9849853515625,392.93316650390625,1038.0001220703125,391.4932556152344,1242.3504638671875,515.3245239257812,1003.4619750976562,547.0023193359375,1243.78955078125,616.117431640625,993.3883056640625,647.7952270507812,1174.71337890625,475.0073547363281,1049.5128173828125,487.96649169921875,1190.5433349609375,571.4805908203125,1043.7564697265625,588.7593994140625,1183.347900390625,745.7083129882812,1052.3909912109375,773.0663452148438
1203.48681640625,340.15557861328125,1220.708251953125,318.5609436035156,1179.089599609375,318.5609436035156,1237.9296875,315.681640625,1130.2952880859375,308.48345947265625,1250.8458251953125,383.3448181152344,1037.01220703125,383.3448181152344,1243.670166015625,511.4730224609375,1002.5692138671875,535.9468994140625,1246.54052734375,607.9290161132812,991.0882568359375,639.6011352539062,1160.4329833984375,479.80084228515625,1048.4932861328125,485.5594177246094,1192.0057373046875,576.2568969726562,1047.05810546875,577.696533203125,1183.39501953125,757.65185546875,1054.233642578125,783.5653686523438
1205.2861328125,334.5738220214844,1223.9447021484375,310.0989990234375,1182.32177734375,310.0989990234375,1242.603271484375,302.9005126953125,1132.087158203125,300.0211181640625,1251.21484375,367.68682861328125,1038.7943115234375,367.68682861328125,1244.03857421875,492.9403991699219,1002.9124145507812,520.2946166992188,1248.3443603515625,596.5985107421875,991.4302368164062,631.1512451171875,1167.968994140625,468.465576171875,1050.2764892578125,475.6640930175781,1190.933349609375,576.4427490234375,1040.2296142578125,593.7191162109375,1176.58056640625,754.9650268554688,1053.14697265625,770.8016967773438
1208.548583984375,309.329345703125,1227.24365234375,284.8580017089844,1184.1011962890625,286.2974853515625,1244.5006103515625,274.78155517578125,1135.2064208984375,273.342041015625,1253.129150390625,343.8771057128906,1038.85498046875,343.8771057128906,1248.8148193359375,473.4313049316406,1001.4649047851562,503.66058349609375,1250.2529296875,574.1956176757812,988.5222778320312,613.0618896484375,1159.6539306640625,448.9599304199219,1048.921630859375,453.2784118652344,1194.1678466796875,577.0746459960938,1043.1693115234375,578.51416015625,1176.9107666015625,741.1765747070312,1050.3597412109375,781.4823608398438
1206.832763671875,276.6416931152344,1225.4952392578125,252.20252990722656,1182.4278564453125,252.20252990722656,1242.7222900390625,245.01455688476562,1133.6181640625,243.5769500732422,1257.0780029296875,325.5200500488281,1035.9986572265625,326.9576721191406,1249.900146484375,453.4663391113281,1004.4159545898438,479.3431091308594,1254.2069091796875,554.0982666015625,988.6245727539062,592.9133911132812,1159.4586181640625,437.6527404785156,1046.0477294921875,443.40313720703125,1189.605712890625,565.5990600585938,1044.6121826171875,575.6622314453125,1175.25,748.174072265625,1048.9189453125,772.61328125
1206.820556640625,275.731201171875,1225.488525390625,252.73675537109375,1182.408447265625,252.73675537109375,1242.720703125,245.55099487304688,1133.584228515625,242.67669677734375,1257.080810546875,324.59442138671875,1035.9356689453125,326.03155517578125,1249.9007568359375,453.9381408691406,1004.3436279296875,479.806884765625,1254.208740234375,553.1016845703125,988.547607421875,593.3419799804688,1159.432373046875,438.1295166015625,1044.5517578125,443.8780822753906,1189.5885009765625,566.0361328125,1044.5517578125,574.6589965820312,1175.2283935546875,748.554443359375,1048.85986328125,772.9861450195312
1206.2811279296875,216.61502075195312,1222.08447265625,196.4750213623047,1183.2945556640625,193.59786987304688,1243.6343994140625,199.35215759277344,1133.0113525390625,190.72073364257812,1256.564453125,287.1050720214844,1041.06494140625,295.73651123046875,1256.564453125,426.6466064453125,1002.2750244140625,442.4708557128906,1256.564453125,535.9780883789062,990.7816772460938,561.8723754882812,1157.4346923828125,419.4537048339844,1049.6849365234375,418.0151672363281,1189.041259765625,561.8723754882812,1041.06494140625,566.1881103515625,1170.3646240234375,738.8167724609375,1048.248291015625,751.7639770507812
1199.8328857421875,168.7298126220703,1219.9564208984375,148.58718872070312,1176.83447265625,148.58718872070312,1240.080078125,151.46470642089844,1125.088134765625,150.0259552001953,1257.3287353515625,253.61656188964844,1038.8443603515625,265.1266174316406,1257.3287353515625,401.8087158203125,1000.0344848632812,429.1451110839844,1258.7662353515625,512.5930786132812,985.6605224609375,544.2457275390625,1162.4605712890625,421.9512939453125,1047.4686279296875,427.7063293457031,1189.7711181640625,560.0720825195312,1040.28173828125,585.9697875976562,1172.5223388671875,747.1106567382812,1050.343505859375,761.498291015625
1190.6492919921875,98.90866088867188,1209.3160400390625,78.76995086669922,1166.2388916015625,78.76995086669922,1233.7264404296875,93.15474700927734,1115.982177734375,90.27778625488281,1255.2650146484375,216.86399841308594,1042.7510986328125,216.86399841308594,1259.57275390625,367.90435791015625,999.6738891601562,380.85064697265625,1259.57275390625,478.6672668457031,986.750732421875,504.55987548828125,1180.597900390625,455.651611328125,1051.366455078125,455.651611328125,1186.341552734375,609.5689086914062,1038.443359375,611.0073852539062,1177.72607421875,774.9940795898438,1049.9306640625,773.5556640625
1174.1837158203125,45.35603332519531,1198.6304931640625,33.837039947509766,1151.1748046875,32.39716720581055,1223.0772705078125,43.916160583496094,1109.471435546875,36.71678924560547,1254.71435546875,185.02381896972656,1033.2548828125,185.02381896972656,1259.028564453125,337.65045166015625,995.8656005859375,353.48907470703125,1260.466552734375,451.4005126953125,985.7992553710938,478.7581481933594,1175.62158203125,415.4036865234375,1054.8255615234375,428.3625183105469,1190.002197265625,585.3087768554688,1044.75927734375,585.3087768554688,1174.1837158203125,765.2930297851562,1050.511474609375,756.6538696289062
1174.1837158203125,45.35603332519531,1198.6304931640625,33.837039947509766,1151.1748046875,32.39716720581055,1223.0772705078125,43.916160583496094,1109.471435546875,36.71678924560547,1254.71435546875,185.02381896972656,1033.2548828125,185.02381896972656,1259.028564453125,337.65045166015625,995.8656005859375,353.48907470703125,1260.466552734375,451.4005126953125,985.7992553710938,478.7581481933594,1175.62158203125,415.4036865234375,1054.8255615234375,428.3625183105469,1190.002197265625,585.3087768554688,1044.75927734375,585.3087768554688,1174.1837158203125,765.2930297851562,1050.511474609375,756.6538696289062
1155.6500244140625,2.1570355892181396,1180.0672607421875,2.1570355892181396,1131.2327880859375,2.1570355892181396,1207.35693359375,2.1570355892181396,1093.888916015625,2.1570355892181396,1253.3187255859375,151.7115020751953,1014.8921508789062,153.1495361328125,1257.6275634765625,299.8279724121094,990.4750366210938,324.27435302734375,1264.8092041015625,422.05999755859375,980.4208374023438,450.8204650878906,1180.0672607421875,419.1839294433594,1052.236083984375,423.4980163574219,1188.68505859375,590.3087768554688,1050.7998046875,588.8707275390625,1174.3218994140625,768.623779296875,1050.7998046875,759.9955444335938
1131.253173828125,2.588705062866211,1170.131103515625,2.588705062866211,1118.293701171875,2.588705062866211,1184.5303955078125,2.588705062866211,1090.9351806640625,2.588705062866211,1245.00732421875,126.24080657958984,1013.1791381835938,126.24080657958984,1256.5267333984375,277.2113952636719,982.9406127929688,307.405517578125,1268.046142578125,405.17694091796875,977.180908203125,435.3710632324219,1181.6505126953125,409.4903869628906,1056.376953125,415.24163818359375,1187.4102783203125,590.6550903320312,1052.05712890625,593.53076171875,1170.131103515625,761.755126953125,1050.6171875,773.2576293945312
1130.6710205078125,3.9862008094787598,1147.898193359375,3.9862008094787598,1110.5726318359375,3.9862008094787598,1180.9168701171875,3.9862008094787598,1080.4251708984375,3.9862008094787598,1238.3406982421875,94.58663177490234,1011.5164794921875,96.02472686767578,1255.56787109375,248.46353149414062,979.933349609375,265.72076416015625,1269.923828125,385.0832214355469,975.6265258789062,402.3404541015625,1180.9168701171875,383.6451416015625,1051.7132568359375,385.0832214355469,1185.2236328125,597.9223022460938,1054.5843505859375,597.9223022460938,1167.9964599609375,770.49462890625,1050.277587890625,771.9326782226562
1171.462646484375,4.265840530395508,1175.78125,4.265840530395508,1257.835205078125,143.76271057128906,1180.099853515625,4.265840530395508,1288.065673828125,115.00047302246094,1240.560791015625,81.92389678955078,1007.354736328125,91.99068450927734,1250.637451171875,235.80189514160156,977.1243286132812,254.4973602294922,1269.3515625,365.23199462890625,972.8056640625,391.1180114746094,1181.5394287109375,382.4893493652344,1051.9805908203125,382.4893493652344,1178.660400390625,601.0823974609375,1051.9805908203125,598.2061767578125,1168.58349609375,775.0939331054688,1050.541015625,785.1607055664062
1170.7503662109375,2.5938498973846436,1176.4984130859375,2.5938498973846436,1274.2137451171875,383.84051513671875,1179.372314453125,2.5938498973846436,1288.5836181640625,117.68718719482422,1241.1629638671875,83.15918731689453,1008.3704833984375,91.79118347167969,1251.221923828125,232.78053283691406,978.1936645507812,255.7991943359375,1269.9027099609375,368.01519775390625,972.4456787109375,392.4725341796875,1180.809326171875,382.4018859863281,1052.917236328125,382.4018859863281,1179.372314453125,598.201904296875,1055.7911376953125,596.7632446289062,1167.87646484375,773.71923828125,1051.480224609375,779.473876953125
1119.2156982421875,2.1583499908447266,1260.04931640625,121.58705139160156,1078.9774169921875,321.5941467285156,1254.3009033203125,120.14816284179688,1258.6121826171875,124.46485137939453,1231.3077392578125,75.54225158691406,1002.8123779296875,78.42005157470703,1247.1156005859375,226.6267547607422,971.1965942382812,243.8935546875,1268.6717529296875,360.4444580078125,969.759521484375,379.150146484375,1179.572998046875,371.9556579589844,1054.547119140625,374.83343505859375,1178.1358642578125,592.1073608398438,1054.547119140625,596.424072265625,1166.6392822265625,767.6531982421875,1047.3616943359375,776.28662109375
1097.5892333984375,2.1589415073394775,1252.907470703125,120.18107604980469,1287.422607421875,380.6933288574219,1274.4794921875,372.05755615234375,1251.46923828125,127.37754821777344,1225.5828857421875,75.56295013427734,1001.2343139648438,79.88082885742188,1244.2786865234375,226.6888427734375,969.5953979492188,243.9603729248047,1270.1650390625,353.34674072265625,968.1572265625,374.9361572265625,1179.5626220703125,370.6182556152344,1055.88330078125,372.05755615234375,1176.6864013671875,598.0267944335938,1050.130859375,598.0267944335938,1168.0576171875,776.499267578125,1045.81640625,767.863525390625
1095.9652099609375,2.1586055755615234,1246.9361572265625,127.35772705078125,1246.9361572265625,140.3093719482422,1245.4984130859375,123.04051971435547,1057.14404296875,354.7308654785156,1218.1798095703125,79.868408203125,992.4421997070312,91.38097381591797,1238.309326171875,225.2145233154297,967.999267578125,246.8005828857422,1268.5035400390625,357.6090087890625,966.5614013671875,377.7559814453125,1177.9208984375,364.8043518066406,1049.9549560546875,366.243408203125,1175.045166015625,597.9337158203125,1045.6414794921875,600.8118896484375,1164.98046875,773.5003662109375,1045.6414794921875,786.4520263671875
1095.6243896484375,3.689631462097168,1240.74365234375,130.3184051513672,1262.2958984375,373.50323486328125,1240.74365234375,126.00151062011719,1045.3355712890625,3.689631462097168,1214.8807373046875,84.27157592773438,986.4259033203125,95.78328704833984,1237.869873046875,228.1679229736328,963.436767578125,245.43545532226562,1265.1695556640625,356.2356262207031,963.436767578125,373.50323486328125,1177.5233154296875,372.0642395019531,1046.7724609375,372.0642395019531,1173.212890625,597.9814453125,1041.025146484375,597.9814453125,1167.4656982421875,769.2180786132812,1043.8988037109375,787.9247436523438
1094.5042724609375,5.1752753257751465,1113.1666259765625,5.1752753257751465,1072.970703125,5.1752753257751465,1240.93212890625,127.5012435913086,1045.6949462890625,5.1752753257751465,1215.0919189453125,85.7665023803711,982.530029296875,97.27953338623047,1238.0609130859375,229.67941284179688,963.8676147460938,245.5098419189453,1265.336669921875,357.76190185546875,963.8676147460938,373.59228515625,1177.76708984375,372.1531677246094,1047.1304931640625,372.1531677246094,1173.46044921875,598.096435546875,1041.38818359375,598.096435546875,1167.7181396484375,770.7919311523438,1042.8238525390625,786.6223754882812
1087.55419921875,2.159815549850464,1237.0712890625,130.30886840820312,1054.488037109375,346.2904357910156,1239.946533203125,125.9892349243164,1037.236083984375,2.159815549850464,1205.442626953125,91.43218994140625,984.04248046875,98.63157653808594,1232.75830078125,229.66038513183594,958.16455078125,248.3787841796875,1262.94921875,359.24932861328125,959.6021728515625,375.0879821777344,1175.251708984375,376.52783203125,1042.9866943359375,377.96771240234375,1172.37646484375,602.5885620117188,1040.1114501953125,602.5885620117188,1162.312744140625,769.6143188476562,1040.1114501953125,781.13330078125
1088.4329833984375,2.158355236053467,1235.202880859375,133.09857177734375,1066.8492431640625,343.178466796875,1236.6417236328125,127.34296417236328,1033.7540283203125,2.158355236053467,1202.107666015625,92.80927276611328,980.5140380859375,97.12599182128906,1230.8861083984375,229.50511169433594,957.4913330078125,242.4552459716797,1261.103515625,359.00640869140625,954.6134643554688,374.8343811035156,1176.2071533203125,387.78448486328125,1045.2655029296875,390.66229248046875,1170.4515380859375,599.3032836914062,1038.07080078125,602.1810913085938,1161.8179931640625,771.9716796875,1038.07080078125,776.2884521484375
1085.50244140625,2.158588409423828,1105.6241455078125,2.158588409423828,1062.506103515625,343.2155456542969,1040.9471435546875,2.158588409423828,1030.88623046875,2.158588409423828,1204.795654296875,91.38024139404297,976.2700805664062,95.69741821289062,1229.229248046875,228.09083557128906,950.3992309570312,239.60330200195312,1260.84912109375,363.36236572265625,948.9619140625,377.7529602050781,1170.30126953125,392.1435546875,1040.9471435546875,395.02166748046875,1165.9893798828125,608.0023803710938,1032.323486328125,608.0023803710938,1158.8031005859375,787.8847045898438,1033.7607421875,782.1284790039062
1074.4974365234375,18.523229598999023,1238.2967529296875,147.9765625,1236.85986328125,152.2916717529297,1233.9862060546875,136.46958923339844,1057.25537109375,368.0472106933594,1205.24951171875,89.00337219238281,971.0453491210938,91.88011932373047,1228.2388916015625,229.96365356445312,949.4927368164062,242.90899658203125,1258.4124755859375,366.60882568359375,943.745361328125,379.55419921875,1170.765380859375,393.9378967285156,1035.702880859375,396.81463623046875,1165.0181884765625,606.816650390625,1032.8292236328125,605.3782958984375,1157.833984375,776.5443725585938,1031.3924560546875,779.421142578125
1082.5965576171875,2.1599059104919434,1135.6842041015625,347.7448425292969,1066.8138427734375,341.985107421875,1233.2506103515625,128.8743896484375,1028.07421875,2.1599059104919434,1203.1197509765625,89.99607849121094,972.1170043945312,92.87596130371094,1228.946044921875,229.67001342773438,947.7254638671875,241.18951416015625,1259.076904296875,365.02410888671875,944.8558349609375,379.4234924316406,1170.119384765625,395.2627868652344,1035.2481689453125,398.1426696777344,1164.380126953125,606.93359375,1029.5089111328125,605.49365234375,1157.2061767578125,779.7260131835938,1030.9437255859375,789.8056030273438
1082.5078125,2.1566567420959473,1106.9739990234375,2.1566567420959473,1063.7982177734375,2.1566567420959473,1232.18408203125,127.24274444580078,942.90576171875,391.7926330566406,1203.400146484375,84.10961151123047,971.6896362304688,91.29846954345703,1226.42724609375,230.76226806640625,945.7841796875,242.26443481445312,1258.089599609375,368.7882995605469,940.0274047851562,374.53936767578125,1165.981201171875,388.9170837402344,1030.6966552734375,388.9170837402344,1164.5418701171875,613.2094116210938,1023.500732421875,610.3338623046875,1154.467529296875,777.1152954101562,1027.818359375,791.4929809570312
1073.46533203125,4.0844197273254395,1229.957275390625,119.1185531616211,1275.89990234375,392.32464599609375,1244.314208984375,229.8389129638672,939.94482421875,393.7625732421875,1204.114501953125,84.60831451416016,974.4017333984375,86.0462417602539,1229.957275390625,231.27685546875,945.6876220703125,242.78025817871094,1257.2357177734375,370.7557067871094,937.0734252929688,375.06951904296875,1165.3504638671875,388.0108337402344,1030.394287109375,389.44879150390625,1159.607666015625,606.5757446289062,1024.6514892578125,605.1378173828125,1152.42919921875,777.68896484375,1024.6514892578125,779.126953125
1076.7550048828125,2.3117709159851074,1236.3966064453125,124.62369537353516,1059.496337890625,2.3117709159851074,1232.0819091796875,124.62369537353516,937.2482299804688,392.27093505859375,1203.3177490234375,80.01581573486328,973.2035522460938,82.89374542236328,1229.20556640625,228.22909545898438,941.5628662109375,238.3018341064453,1255.0933837890625,367.80859375,934.3717651367188,379.3203125,1164.4859619140625,383.6371765136719,1027.855712890625,383.6371765136719,1157.2947998046875,603.7986450195312,1022.102783203125,609.5545043945312,1152.980224609375,782.2301025390625,1020.6646118164062,795.1807861328125
1074.343994140625,4.291386127471924,1104.5601806640625,4.291386127471924,1061.3941650390625,4.291386127471924,1244.1304931640625,228.9125518798828,933.3348388671875,394.4986572265625,1203.8421630859375,76.28534698486328,969.3065795898438,83.4847412109375,1229.74169921875,230.3524169921875,940.5291748046875,241.87144470214844,1255.641357421875,371.4606018066406,930.4571533203125,375.78021240234375,1163.5538330078125,380.099853515625,1028.3001708984375,377.2201232910156,1156.3594970703125,603.2811279296875,1021.1058349609375,616.2400512695312,1150.60400390625,770.3070678710938,1021.1058349609375,794.7850952148438
1083.4384765625,2.157684326171875,1105.0225830078125,2.157684326171875,1058.976318359375,2.157684326171875,1243.1612548828125,227.9953155517578,1024.441650390625,2.157684326171875,1202.8707275390625,76.95740509033203,971.2007446289062,81.27277374267578,1228.771728515625,226.55685424804688,939.5439453125,238.06451416015625,1254.6728515625,367.52557373046875,932.3491821289062,379.033203125,1164.019287109375,381.9101257324219,1030.1973876953125,381.9101257324219,1155.3856201171875,603.432373046875,1020.1248168945312,614.9400634765625,1151.06884765625,787.5548095703125,1020.1248168945312,788.9932250976562
1070.9273681640625,2.2378451824188232,901.4388427734375,2.2378451824188232,1056.5638427734375,2.2378451824188232,1246.1611328125,226.6603546142578,930.1657104492188,392.1000061035156,1207.3798828125,69.85231018066406,968.9469604492188,79.92255401611328,1231.797607421875,225.22174072265625,940.2200927734375,239.6077880859375,1253.3427734375,370.5209045410156,927.2930908203125,380.5911560058594,1164.28955078125,382.0297546386719,1027.8370361328125,383.4683532714844,1157.10791015625,609.3294677734375,1019.218994140625,617.9611206054688,1151.362548828125,793.470947265625,1020.6552734375,796.34814453125
1091.9327392578125,2.3474314212799072,1245.5904541015625,130.35125732421875,1060.3394775390625,2.3474314212799072,1247.0264892578125,226.7136993408203,929.6586303710938,392.1119079589844,1212.5611572265625,67.06847381591797,966.9959716796875,78.57443237304688,1234.1019287109375,226.7136993408203,939.7109985351562,239.65789794921875,1257.078857421875,371.9764709472656,926.7864990234375,383.4824523925781,1165.17138671875,371.9764709472656,1028.746337890625,370.5382385253906,1155.1190185546875,606.4104614257812,1021.5660400390625,613.6016845703125,1150.8109130859375,787.62939453125,1020.1300048828125,790.5059204101562
946.671630859375,136.46673583984375,1246.58154296875,132.15354919433594,1239.4066162109375,143.65538024902344,1249.451416015625,229.9192657470703,929.4519653320312,396.69610595703125,1216.447021484375,66.01790618896484,966.7613525390625,78.95748901367188,1235.1016845703125,227.0438232421875,939.4967651367188,239.98338317871094,1259.4962158203125,372.254638671875,926.58203125,383.7565002441406,1166.222900390625,380.8810729980469,1028.4652099609375,373.6924133300781,1154.7430419921875,608.0426025390625,1021.2903442382812,615.2312622070312,1151.8731689453125,789.1966552734375,1019.8553466796875,794.9476928710938
1099.5506591796875,2.158768892288208,1246.3363037109375,128.80654907226562,1239.1409912109375,141.75917053222656,1242.01904296875,123.04983520507812,1033.3531494140625,369.1495056152344,1218.993896484375,65.48265838623047,965.7166137695312,76.99609375,1236.2628173828125,228.10992431640625,938.3742065429688,241.0625457763672,1260.72705078125,382.1021423339844,925.4224853515625,386.419677734375,1165.748046875,386.419677734375,1029.035888671875,387.85882568359375,1157.113525390625,613.8099975585938,1021.8405151367188,618.1275634765625,1152.79638671875,793.7073974609375,1018.9623413085938,795.1466064453125
1098.9915771484375,2.1571364402770996,1247.135986328125,130.14723205566406,1238.5062255859375,143.09005737304688,1244.2593994140625,124.39486694335938,929.2728881835938,397.63214111328125,1219.808349609375,65.43313598632812,966.6685180664062,72.62359619140625,1237.06787109375,229.37551879882812,939.3408813476562,239.44215393066406,1258.642333984375,376.060791015625,926.3963012695312,387.5655517578125,1168.02978515625,387.5655517578125,1028.5152587890625,386.12744140625,1155.0850830078125,611.90771484375,1022.7620239257812,619.09814453125,1153.6468505859375,795.9833984375,1017.0088500976562,793.107177734375
1107.53662109375,2.157681465148926,899.1890869140625,2.157681465148926,1065.8670654296875,2.157681465148926,1254.0982666015625,235.18728637695312,929.3635864257812,399.1710510253906,1222.4869384765625,62.5727653503418,968.1593017578125,66.88812255859375,1239.7294921875,232.3103790283203,939.4217529296875,242.37954711914062,1261.2825927734375,389.10186767578125,925.0528564453125,389.10186767578125,1167.885498046875,389.10186767578125,1025.634521484375,390.54034423828125,1156.390380859375,625.0084228515625,1017.01318359375,623.5699462890625,1154.95361328125,813.4459838867188,1017.01318359375,800.4998168945312
1103.87158203125,2.157040596008301,1123.998046875,2.157040596008301,1069.3692626953125,2.157040596008301,1251.944580078125,239.4315185546875,1034.8668212890625,365.9779052734375,1226.067626953125,63.992210388183594,964.4244384765625,65.43023681640625,1239.006103515625,233.67941284179688,935.67236328125,243.74560546875,1262.0076904296875,388.9863586425781,922.7340087890625,394.7384338378906,1164.2508544921875,388.9863586425781,1020.4907836914062,378.9201354980469,1157.0628662109375,620.5087280273438,1017.6156005859375,617.6326904296875,1152.75,800.2620849609375,1019.0532836914062,798.8240966796875
1113.3656005859375,4.908230304718018,1124.8883056640625,4.908230304718018,1078.7977294921875,4.908230304718018,1162.3367919921875,4.908230304718018,1029.82666015625,4.908230304718018,1225.711181640625,66.7457275390625,963.5715942382812,68.18379974365234,1240.114501953125,243.62973022460938,931.8843994140625,258.0105285644531,1260.279052734375,391.7520751953125,921.8021240234375,400.3805847167969,1160.896484375,378.8093566894531,1016.8637084960938,374.4951171875,1156.575439453125,624.7212524414062,1015.4234008789062,617.5308227539062,1152.2545166015625,814.5480346679688,1015.4234008789062,797.2910766601562
1125.577880859375,13.139625549316406,1121.2607421875,13.139625549316406,1055.064453125,13.139625549316406,1141.407470703125,13.139625549316406,1033.4786376953125,13.139625549316406,1234.94580078125,79.36946868896484,960.0870971679688,79.36946868896484,1243.580078125,255.02252197265625,931.3060913085938,259.34185791015625,1259.4095458984375,399.0004577636719,918.3546142578125,419.1573486328125,1162.9931640625,386.0424499511719,1017.6491088867188,380.2833251953125,1157.237060546875,616.4071044921875,1011.8928833007812,613.527587890625,1148.6026611328125,810.77734375,1013.3319702148438,790.6203002929688
1041.37939453125,2.1592020988464355,1126.1302490234375,2.1592020988464355,1039.94287109375,2.1592020988464355,1139.0582275390625,2.1592020988464355,1035.6334228515625,2.1592020988464355,1235.3006591796875,81.32994079589844,959.5014038085938,81.32994079589844,1242.48291015625,255.5055694580078,930.7723999023438,265.58184814453125,1258.283935546875,396.57342529296875,919.2807006835938,413.8470458984375,1162.04150390625,382.1787414550781,1018.3961181640625,377.8603515625,1157.732177734375,618.2515258789062,1012.6502075195312,606.7357788085938,1149.1134033203125,803.94287109375,1012.6502075195312,785.2297973632812
1104.5919189453125,2.1580569744110107,1120.416015625,2.1580569744110107,1080.136474609375,2.1580569744110107,1154.94140625,2.1580569744110107,1038.41845703125,2.1580569744110107,1229.7462158203125,94.23515319824219,952.1051635742188,95.67385864257812,1242.693115234375,274.0732421875,924.7726440429688,276.9506530761719,1258.5172119140625,419.3824462890625,917.5798950195312,436.6468811035156,1154.94140625,406.43408203125,1009.6473999023438,402.1179504394531,1157.8184814453125,620.8010864257812,1006.7702026367188,616.4849243164062,1149.1871337890625,816.4649047851562,1012.5244140625,809.2714233398438
1103.5985107421875,5.606405735015869,1125.198486328125,5.606405735015869,1079.118408203125,5.606405735015869,1153.99853515625,5.606405735015869,1034.4783935546875,5.606405735015869,1224.55859375,114.99935913085938,948.0783081054688,116.4387435913086,1240.3985595703125,299.2401428222656,925.0383911132812,299.2401428222656,1254.798583984375,440.29949951171875,913.518310546875,456.1326599121094,1159.758544921875,410.0724792480469,1007.118408203125,408.63311767578125,1153.99853515625,621.6614990234375,1007.118408203125,600.0707397460938,1151.118408203125,817.4172973632812,1011.4383544921875,782.8721313476562
1093.4287109375,64.63037872314453,1119.3092041015625,40.16330337524414,1067.5482177734375,40.16330337524414,1155.25439453125,7.060784339904785,1028.727294921875,7.060784339904785,1222.8314208984375,142.34934997558594,946.7722778320312,139.47085571289062,1238.6473388671875,322.25433349609375,923.7673950195312,322.25433349609375,1251.587646484375,469.05682373046875,915.1405639648438,473.3745422363281,1158.1300048828125,424.44036865234375,1005.7224731445312,423.0011291503906,1155.25439453125,615.8592529296875,1001.4089965820312,608.6630859375,1142.314208984375,811.595947265625,1008.5980834960938,788.5680541992188
1084.1959228515625,111.42080688476562,1113.0029296875,82.66211700439453,1055.388671875,82.66211700439453,1151.892578125,52.465492248535156,1015.0586547851562,51.027557373046875,1215.2684326171875,170.37611389160156,938.7197875976562,179.00372314453125,1233.9930419921875,357.3075866699219,918.5547485351562,363.059326171875,1244.0755615234375,491.0354919433594,909.91259765625,503.9768981933594,1144.69091796875,420.5766906738281,999.2147827148438,422.0146179199219,1153.3330078125,601.7564697265625,994.8937377929688,597.442626953125,1144.69091796875,813.1328125,1003.5358276367188,778.6223754882812
1082.7757568359375,110.04008483886719,1111.5772705078125,81.27143859863281,1058.2943115234375,79.8330078125,1151.8994140625,49.62592315673828,1013.6519775390625,46.74905776977539,1213.8226318359375,169.0158233642578,941.6481323242188,176.20799255371094,1232.543701171875,356.0120544433594,914.2867431640625,361.7657775878906,1245.50439453125,491.2247314453125,911.4065551757812,502.7321472167969,1144.698974609375,423.6183776855469,1000.6912841796875,425.05682373046875,1153.3394775390625,600.5455932617188,997.8112182617188,596.2302856445312,1141.81884765625,794.7339477539062,1005.0115966796875,777.4727783203125
1079.438720703125,151.47654724121094,1106.7430419921875,122.6834716796875,1050.697265625,121.24382781982422,1145.5440673828125,101.08868408203125,1010.4591674804688,91.0111083984375,1207.338134765625,201.86441040039062,937.16845703125,203.30404663085938,1230.331298828125,376.0624084472656,915.6123657226562,394.7779541015625,1240.390869140625,512.8294677734375,906.9899291992188,530.1052856445312,1144.10693359375,442.2864685058594,997.5254516601562,442.2864685058594,1152.7293701171875,604.96728515625,987.4660034179688,603.5276489257812,1139.795654296875,796.441162109375,1000.3997192382812,786.3635864257812
1073.3297119140625,209.8841552734375,1102.0955810546875,181.11245727539062,1044.5638427734375,182.551025390625,1140.929443359375,150.90216064453125,1001.4149780273438,158.09507751464844,1207.091064453125,241.53302001953125,935.2535400390625,241.53302001953125,1225.788818359375,404.0931701660156,913.6790771484375,412.72467041015625,1232.980224609375,542.1973876953125,905.04931640625,555.1446533203125,1126.5465087890625,412.72467041015625,994.2235717773438,411.28607177734375,1155.3123779296875,592.5478515625,985.5938110351562,586.7935180664062,1136.6146240234375,789.634033203125,1001.4149780273438,788.1954345703125
1064.6309814453125,259.1946716308594,1091.9261474609375,230.41246032714844,1040.2088623046875,231.8515625,1136.46044921875,211.70404052734375,998.5476684570312,216.0213623046875,1205.4168701171875,276.4639587402344,931.02783203125,275.0248718261719,1221.219482421875,439.0833740234375,908.0424194335938,441.9615783691406,1226.9658203125,570.0423583984375,900.8594360351562,580.1160888671875,1130.714111328125,416.0576171875,991.36474609375,411.7402648925781,1149.389892578125,588.750732421875,978.4354248046875,588.750732421875,1135.02392578125,787.347900390625,997.111083984375,783.0306396484375
1062.097412109375,320.6586608886719,1086.5406494140625,294.7478942871094,1034.7784423828125,296.1873779296875,1132.5516357421875,267.3975830078125,993.0810546875,274.59503173828125,1204.443603515625,319.2192077636719,922.6268310546875,317.7796936035156,1213.0706787109375,473.2445373535156,903.9348754882812,473.2445373535156,1220.2598876953125,602.798583984375,898.1835327148438,609.9960327148438,1128.238037109375,430.0598449707031,984.4539184570312,432.9388732910156,1149.8056640625,614.3145141601562,974.3890991210938,601.3590698242188,1135.42724609375,817.282470703125,991.6431884765625,776.9766845703125
1061.7735595703125,319.6679992675781,1086.2371826171875,293.78863525390625,1034.431884765625,296.66412353515625,1133.7254638671875,266.4715270996094,992.6997680664062,275.09796142578125,1204.23828125,318.2302551269531,922.1869506835938,318.2302551269531,1212.8724365234375,472.0686950683594,903.4794921875,472.0686950683594,1220.067626953125,602.9032592773438,899.162353515625,608.6542358398438,1127.9693603515625,427.4986877441406,984.0655517578125,430.3741760253906,1149.5548095703125,614.4052124023438,972.5532836914062,601.4655151367188,1133.7254638671875,809.9381713867188,991.2607421875,776.8701171875
1054.7808837890625,371.08447265625,1079.264892578125,345.1725158691406,1030.296875,346.612060546875,1121.0316162109375,319.2605895996094,988.5300903320312,323.5792236328125,1195.923828125,348.0516357421875,913.6378784179688,349.4911804199219,1206.0054931640625,499.2046203613281,897.7952270507812,507.8418884277344,1214.64697265625,627.32470703125,896.3550415039062,631.6433715820312,1121.0316162109375,440.1829833984375,977.0081787109375,444.5016174316406,1152.716796875,615.808349609375,966.926513671875,608.610595703125,1132.553466796875,792.8732299804688,991.4105224609375,769.84033203125
1045.1446533203125,416.2029113769531,1066.7017822265625,383.1236877441406,1022.1503295898438,381.6854553222656,1108.3790283203125,357.2356262207031,976.1616821289062,354.3591613769531,1190.29638671875,388.8765563964844,908.6157836914062,388.8765563964844,1198.919189453125,531.2609252929688,899.9929809570312,526.9462280273438,1208.979248046875,647.7572021484375,892.8072509765625,656.3865356445312,1119.876220703125,452.1585388183594,981.9102783203125,462.22607421875,1148.619140625,621.869140625,968.9759521484375,616.1162719726562,1128.4990234375,791.5797119140625,990.5330810546875,778.6357421875
1035.8873291015625,440.3966064453125,1050.2869873046875,417.3778381347656,1015.727783203125,415.93914794921875,1100.6856689453125,408.7458190917969,975.4087524414062,392.92041015625,1185.6435546875,415.93914794921875,909.17041015625,411.6231384277344,1195.723388671875,559.806396484375,894.770751953125,558.3677368164062,1205.8031005859375,674.9002075195312,891.890869140625,677.7775268554688,1119.4052734375,460.53802490234375,975.4087524414062,480.679443359375,1143.8846435546875,620.2306518554688,962.4490356445312,608.7212524414062,1130.9249267578125,787.1166381835938,988.368408203125,772.7299194335938
1033.7911376953125,516.8504028320312,1053.908203125,496.7055358886719,1012.237060546875,495.2666320800781,1094.1424560546875,469.36614990234375,974.8766479492188,463.6104431152344,1183.2325439453125,454.9769592285156,904.4667358398438,444.9045715332031,1194.72802734375,588.7962036132812,895.8451538085938,585.9183349609375,1203.349609375,705.348388671875,891.5343627929688,696.7149047851562,1109.94873046875,456.4158630371094,976.3135986328125,394.54248046875,1140.12451171875,626.2080078125,961.9442749023438,619.013427734375,1125.7550048828125,790.2444458007812,986.3721923828125,778.7330932617188
1033.7911376953125,516.8504028320312,1053.908203125,496.7055358886719,1012.237060546875,495.2666320800781,1094.1424560546875,469.36614990234375,974.8766479492188,463.6104431152344,1183.2325439453125,454.9769592285156,904.4667358398438,444.9045715332031,1194.72802734375,588.7962036132812,895.8451538085938,585.9183349609375,1203.349609375,705.348388671875,891.5343627929688,696.7149047851562,1109.94873046875,456.4158630371094,976.3135986328125,394.54248046875,1140.12451171875,626.2080078125,961.9442749023438,619.013427734375,1125.7550048828125,790.2444458007812,986.3721923828125,778.7330932617188
1022.4829711914062,532.8346557617188,1052.70703125,522.7606811523438,989.380615234375,502.6127014160156,1097.3232421875,492.5387268066406,970.6705322265625,501.173583984375,1185.11669921875,483.9039306640625,894.3910522460938,469.5125427246094,1190.8736572265625,594.7176513671875,888.6340942382812,594.7176513671875,1199.509033203125,706.9705200195312,887.1948852539062,695.4573974609375,1118.9117431640625,447.9254150390625,953.3997802734375,391.7989807128906,1137.621826171875,633.5744018554688,962.03515625,610.5481567382812,1123.2294921875,796.1971435546875,983.6236572265625,781.8057861328125
1032.919677734375,569.3134155273438,1045.8560791015625,550.6388549804688,1012.7963256835938,550.6388549804688,1083.2279052734375,508.98016357421875,952.4263916015625,510.4166564941406,1185.2818603515625,480.2500305175781,894.9312744140625,458.7025146484375,1201.0931396484375,577.9324340820312,880.5574951171875,576.4959106445312,1203.9677734375,700.0353393554688,884.86962890625,685.6702880859375,1101.913818359375,452.95648193359375,948.1143188476562,389.750244140625,1134.9736328125,606.6625366210938,955.3012084960938,628.2101440429688,1130.6614990234375,881.0350952148438,984.0487670898438,776.170166015625
1031.193603515625,571.1226806640625,1044.1370849609375,553.8868408203125,1006.744873046875,553.8868408203125,1095.910888671875,496.43408203125,963.6000366210938,529.4694213867188,1192.2677001953125,479.1982421875,894.5682373046875,459.0898132324219,1209.525634765625,578.3042602539062,874.4339599609375,579.7405395507812,1213.8402099609375,697.5186767578125,887.3773803710938,686.0281372070312,1111.730712890625,473.4529724121094,960.7236938476562,391.5827941894531,1140.4940185546875,631.447998046875,956.4091796875,618.5211791992188,1130.4268798828125,793.7520141601562,988.0487670898438,776.5161743164062
1026.6783447265625,564.1693115234375,1048.2581787109375,545.4752807617188,1000.7825317382812,542.5991821289062,1075.592529296875,515.2771606445312,956.184326171875,508.08709716796875,1192.12353515625,467.8229675292969,898.6381225585938,454.8809509277344,1212.2646484375,579.9873657226562,884.2515869140625,571.3593139648438,1219.4580078125,706.53173828125,890.0061645507812,680.647705078125,1118.752197265625,453.4429016113281,957.6229248046875,378.6666564941406,1143.2093505859375,633.1935424804688,963.3775634765625,623.1275024414062,1134.577392578125,787.06005859375,989.2733154296875,775.5560302734375
1027.4532470703125,562.377685546875,1047.588134765625,542.2423706054688,998.6892700195312,540.8041381835938,1073.475830078125,520.6687622070312,962.734130859375,513.4776000976562,1189.9703369140625,474.64520263671875,895.1386108398438,458.8245849609375,1210.105224609375,578.1982421875,877.880126953125,578.1982421875,1217.2962646484375,704.7631225585938,887.9476318359375,683.1895751953125,1123.81298828125,466.01580810546875,956.9813232421875,381.1597595214844,1141.0714111328125,634.28955078125,962.734130859375,625.6600952148438,1132.4422607421875,780.9896850585938,988.6218872070312,776.6749877929688
998.6309814453125,517.120849609375,1027.393798828125,501.3207702636719,984.24951171875,501.3207702636719,1066.2236328125,511.3753662109375,951.1722412109375,482.6479187011719,1189.9039306640625,471.1569519042969,899.3991088867188,453.92047119140625,1210.0379638671875,588.939453125,893.6465454101562,574.5757446289062,1222.981201171875,713.9038696289062,895.084716796875,686.61279296875,1138.1307373046875,430.9385070800781,942.5433349609375,386.4109802246094,1141.007080078125,633.467041015625,968.429931640625,623.4124145507812,1138.1307373046875,779.9769287109375,991.4402465820312,779.9769287109375
993.211181640625,516.333740234375,1020.5571899414062,501.95123291015625,980.2578735351562,491.8834533691406,1075.2491455078125,483.25396728515625,961.5474243164062,483.25396728515625,1186.0723876953125,464.5566711425781,899.6591796875,454.48895263671875,1210.539794921875,583.9315795898438,899.6591796875,575.3020629882812,1224.932373046875,710.4977416992188,905.4161987304688,680.2944946289062,1155.8477783203125,419.9708557128906,932.76220703125,384.01458740234375,1142.8944091796875,634.2703857421875,974.5007934570312,609.8201293945312,1137.1373291015625,788.163330078125,991.77197265625,772.3425903320312
1002.2909545898438,487.7076110839844,1029.59912109375,486.27069091796875,980.7318725585938,476.2120056152344,1075.591796875,467.59027099609375,964.921875,477.6489562988281,1184.824462890625,453.22076416015625,901.6819458007812,440.2881774902344,1210.6953125,566.739990234375,907.4309692382812,566.739990234375,1229.3798828125,704.6874389648438,918.9291381835938,681.6961669921875,1101.462646484375,415.8600158691406,930.4273071289062,384.24700927734375,1146.0181884765625,622.7811279296875,974.9827270507812,618.4702758789062,1138.831787109375,773.6611328125,996.5418090820312,776.5350341796875
984.4752807617188,482.0841369628906,1018.981689453125,480.6471862792969,983.03759765625,477.7733154296875,1072.178955078125,476.33636474609375,972.9732666015625,477.7733154296875,1194.3890380859375,444.7238464355469,903.96044921875,430.3544921875,1221.70654296875,562.5524291992188,905.3982543945312,562.5524291992188,1223.1444091796875,700.498046875,928.4025268554688,680.3809814453125,1125.3763427734375,423.1698303222656,928.4025268554688,380.0617980957031,1146.9427490234375,637.27294921875,971.5354614257812,605.660400390625,1139.7540283203125,782.4033203125,997.4152221679688,772.3447875976562
989.65966796875,478.8169860839844,1025.567138671875,486.0150146484375,983.9144897460938,475.9377746582031,1083.0191650390625,464.4209289550781,972.4241333007812,474.4981689453125,1183.56005859375,442.826904296875,902.0454711914062,435.6288757324219,1222.3402099609375,560.8743286132812,907.7906494140625,557.9951171875,1222.3402099609375,700.5158081054688,926.4625854492188,678.9218139648438,1111.7451171875,415.4744567871094,927.8988647460938,380.92401123046875,1147.652587890625,634.2940673828125,973.8604736328125,604.0624389648438,1140.4710693359375,876.1473999023438,996.8411865234375,768.1771850585938
994.8839721679688,508.4466247558594,1030.87158203125,495.51483154296875,981.9284057617188,475.39874267578125,1071.1778564453125,459.5932312011719,967.5333251953125,466.7775573730469,1180.58056640625,436.6033630371094,899.8764038085938,430.85595703125,1226.6448974609375,568.794921875,907.0738525390625,557.2999877929688,1222.3262939453125,702.4232788085938,928.66650390625,672.2491455078125,1101.4075927734375,412.1767272949219,932.9850463867188,377.69195556640625,1147.4718017578125,639.2012939453125,976.1702880859375,649.2593383789062,1144.5928955078125,791.5089111328125,1003.5209350585938,780.0140380859375
1002.2236938476562,504.2701110839844,1023.7540283203125,488.4318542480469,986.4347534179688,479.7927551269531,1073.991455078125,458.195068359375,964.9044799804688,465.3943176269531,1183.0784912109375,433.71771240234375,903.18408203125,419.3192443847656,1229.0098876953125,561.8639526367188,907.490234375,553.224853515625,1224.7037353515625,694.3297119140625,930.4558715820312,669.8523559570312,1114.1815185546875,417.8794250488281,930.4558715820312,368.9246826171875,1144.3238525390625,641.055419921875,974.951904296875,616.5780639648438,1144.3238525390625,797.9985961914062,1002.2236938476562,770.6415405273438
1001.6227416992188,496.2225036621094,1026.04150390625,474.6365966796875,987.2586669921875,473.197509765625,1073.44287109375,417.07415771484375,947.0393676757812,419.9522705078125,1185.4822998046875,430.0257263183594,903.947265625,411.31793212890625,1230.0107421875,550.9067993164062,909.69287109375,553.7849731445312,1228.5743408203125,690.4957275390625,929.8025512695312,668.9097900390625,1123.717041015625,418.51324462890625,932.6753540039062,369.585205078125,1146.699462890625,635.8114013671875,980.07666015625,624.2988891601562,1145.262939453125,788.3518676757812,1008.8046875,778.2783813476562
998.1434326171875,495.76922607421875,1025.4520263671875,475.6325378417969,982.3331298828125,474.1941833496094,1070.00830078125,412.3457336425781,959.3363037109375,439.67413330078125,1189.303955078125,431.04412841796875,903.28173828125,413.78411865234375,1235.2974853515625,557.61767578125,904.7190551757812,556.1793823242188,1230.9857177734375,688.5062255859375,923.4039306640625,668.3695068359375,1113.127197265625,410.90740966796875,932.0277099609375,370.634033203125,1149.0596923828125,635.2877807617188,980.8958740234375,623.7811279296875,1149.0596923828125,792.0664672851562,1005.329833984375,780.5597534179688
998.004150390625,492.8689270019531,1026.769775390625,477.03082275390625,983.6213989257812,474.15118408203125,1077.109619140625,415.1181640625,954.8557739257812,426.6368103027344,1186.4189453125,428.0766296386719,903.07763671875,413.6783447265625,1233.8822021484375,556.2214965820312,905.9542236328125,554.7816162109375,1232.44384765625,688.6857299804688,924.6517944335938,669.9679565429688,1117.3814697265625,415.1181640625,933.281494140625,373.3631286621094,1146.14697265625,632.5324096679688,977.8682250976562,626.7730712890625,1149.0235595703125,792.3534545898438,1003.7572631835938,782.2745971679688
