,0,1,2,3,4,5,6,7,8,9,10,11,12,13,14,15,16,17,18,19,20,21,22,23,24,25,26,27,28,29,30,31,32,0,1,2,3,4,5,6,7,8,9,10,11,12,13,14,15,16,17,18,19,20,21,22,23,24,25,26,27,28,29,30,31,32,0,1,2,3,4,5,6,7,8,9,10,11,12,13,14,15,16,17,18,19,20,21,22,23,24,25,26,27,28,29,30,31,32
0,0.5702357888221741,0.5919010043144226,0.594803512096405,0.591920018196106,0.5901983380317688,0.5874637365341187,0.5752288699150085,0.5831262469291687,0.5210273265838623,0.5596333146095276,0.5166420936584473,0.5032675266265869,0.4349750578403473,0.5471071600914001,0.28382372856140137,0.5826929211616516,0.28006547689437866,0.6127291917800903,0.3019934892654419,0.612409770488739,0.3196539580821991,0.5718159675598145,0.29133108258247375,0.03457580879330635,-0.03317948430776596,-0.2038724273443222,-0.38784798979759216,-0.17849256098270416,-0.43028444051742554,-0.1731453686952591,-0.4251444339752197,-0.1942630112171173,-0.48599183559417725,-0.12318214774131775,-0.09872660785913467,-0.09392319619655609,-0.09487595409154892,-0.08916401863098145,-0.09009440243244171,-0.08362795412540436,0.03870544210076332,0.015703584998846054,-0.05655185133218765,-0.06243300065398216,0.08294215798377991,0.0465274453163147,-0.10788126289844513,-0.11061367392539978,-0.33522409200668335,-0.37012314796447754,-0.3815320134162903,-0.39059311151504517,-0.3905738592147827,-0.38924485445022583,-0.3400387465953827,-0.3909642696380615,0.03248554840683937,-0.031118301674723625,0.2543197572231293,0.11701778322458267,0.6377691626548767,0.4612547755241394,0.6631138920783997,0.4946350157260895,0.6914482712745667,0.5583146810531616,0.119598388671875,0.09657309949398041,0.10761290788650513,0.10782373696565628,0.116808220744133,0.10807733982801437,0.1269703358411789,0.049991294741630554,0.2169453650712967,0.11583101004362106,0.14223842322826385,0.03864533454179764,0.3649691045284271,-0.057876940816640854,0.4639226496219635,0.06839638948440552,0.5092470645904541,0.08134077489376068,0.5218519568443298,0.09254669398069382,0.4907970428466797,0.07811976969242096,0.49173253774642944,-0.052156779915094376,0.05434209480881691,-0.25250548124313354,0.014825866557657719,-0.18303188681602478,0.12991584837436676,-0.16595260798931122,0.10769879817962646,-0.16795489192008972,0.11421241611242294
1,0.5703054666519165,0.5919821262359619,0.5949330925941467,0.5920764207839966,0.5902469754219055,0.5875273942947388,0.5753341913223267,0.581824779510498,0.5179334878921509,0.5592687129974365,0.5160996317863464,0.4972893297672272,0.4263133108615875,0.5411199927330017,0.278493732213974,0.579434335231781,0.27273544669151306,0.611041784286499,0.2944217920303345,0.6110952496528625,0.3127700686454773,0.568983793258667,0.28399965167045593,0.034324295818805695,-0.03289785608649254,-0.212079256772995,-0.3828767240047455,-0.17830483615398407,-0.4293832778930664,-0.17200787365436554,-0.4242059886455536,-0.1855025440454483,-0.4839892089366913,-0.1234351247549057,-0.09908805787563324,-0.0943998470902443,-0.09526127576828003,-0.08986924588680267,-0.09067151695489883,-0.0844748392701149,0.037717994302511215,0.01401284895837307,-0.057015225291252136,-0.06311992555856705,0.07927695661783218,0.04321838915348053,-0.10815585404634476,-0.1341453492641449,-0.33393633365631104,-0.40263956785202026,-0.379253089427948,-0.42525091767311096,-0.38930991291999817,-0.42051324248313904,-0.3391543924808502,-0.4220460057258606,0.03229226917028427,-0.030969517305493355,0.24875840544700623,0.11700301617383957,0.6256824135780334,0.4612561762332916,0.6497173309326172,0.4946487545967102,0.6794664263725281,0.5610602498054504,0.11910659819841385,0.09642443060874939,0.10726592689752579,0.10753171145915985,0.11650295555591583,0.10778290778398514,0.12669701874256134,0.04997347667813301,0.21686388552188873,0.11521466821432114,0.14144152402877808,0.03827435523271561,0.3632935583591461,-0.06564240157604218,0.4499163031578064,0.04149771109223366,0.47721126675605774,0.052438125014305115,0.48505499958992004,0.06312233209609985,0.4550662636756897,0.050549380481243134,0.4595980644226074,-0.0521262027323246,0.05432695150375366,-0.25056445598602295,0.013682493008673191,-0.18028965592384338,0.11134570091962814,-0.16335871815681458,0.08724775910377502,-0.16764697432518005,0.08265360444784164
2,0.5714109539985657,0.5931854248046875,0.5962677001953125,0.5934864282608032,0.5914760828018188,0.5888170003890991,0.5767072439193726,0.5823602080345154,0.5182298421859741,0.5598679184913635,0.5167080163955688,0.4974144995212555,0.4266362488269806,0.5353204607963562,0.27769705653190613,0.5754058957099915,0.27223458886146545,0.6071470379829407,0.29369911551475525,0.6093922853469849,0.3129638433456421,0.5661356449127197,0.2839033007621765,0.03428029268980026,-0.032856155186891556,-0.21184150874614716,-0.38075926899909973,-0.17412766814231873,-0.43069586157798767,-0.16654051840305328,-0.4261528253555298,-0.17906108498573303,-0.48461493849754333,-0.12450259923934937,-0.10038398206233978,-0.09578472375869751,-0.09662197530269623,-0.09163249284029007,-0.09232273697853088,-0.08638428896665573,0.03648603707551956,0.01194352749735117,-0.05782046169042587,-0.06403647363185883,0.07931377738714218,0.03900693356990814,-0.09822150319814682,-0.1375325620174408,-0.3276275098323822,-0.40198689699172974,-0.37318456172943115,-0.4235987961292267,-0.3869453966617584,-0.41948652267456055,-0.33459916710853577,-0.42132115364074707,0.032286666333675385,-0.030965646728873253,0.24595431983470917,0.11765316128730774,0.6205257773399353,0.4597970247268677,0.6445271372795105,0.4930356740951538,0.6726374626159668,0.559135913848877,0.11866128444671631,0.09611137211322784,0.10673471540212631,0.10702384263277054,0.11620441824197769,0.10743048787117004,0.12641675770282745,0.04976167902350426,0.21679902076721191,0.11474239081144333,0.1409071534872055,0.037932973355054855,0.3594565987586975,-0.08317795395851135,0.4422149956226349,-0.006649094168096781,0.4740677773952484,-0.00043939545867033303,0.48239666223526,0.010343106463551521,0.45234450697898865,0.0016676781233400106,0.4566240906715393,-0.05174878612160683,0.05390457063913345,-0.25038886070251465,0.013288510963320732,-0.18030086159706116,0.10725577175617218,-0.16338026523590088,0.0832730233669281,-0.16785044968128204,0.07895582914352417
3,0.5714070200920105,0.5931811928749084,0.5962691903114319,0.5934943556785583,0.5914715528488159,0.5888166427612305,0.5767085552215576,0.5823163390159607,0.518016517162323,0.559768557548523,0.516577959060669,0.49648189544677734,0.42642107605934143,0.5283474326133728,0.27407196164131165,0.5694106817245483,0.2689668834209442,0.6006887555122375,0.2899375557899475,0.6050713062286377,0.3105436861515045,0.5611398816108704,0.28099167346954346,0.034056492149829865,-0.03265238553285599,-0.21495062112808228,-0.37981492280960083,-0.1731853038072586,-0.43299630284309387,-0.1650426983833313,-0.429410457611084,-0.17792749404907227,-0.4888312518596649,-0.12430796027183533,-0.10026246309280396,-0.09570644050836563,-0.09654615819454193,-0.09160768985748291,-0.09228958934545517,-0.08637011051177979,0.036488860845565796,0.011791793629527092,-0.05768560245633125,-0.06395787000656128,0.07967408001422882,0.038815420120954514,-0.09161652624607086,-0.13535629212856293,-0.32311713695526123,-0.3988152742385864,-0.36922749876976013,-0.4202154874801636,-0.3841893970966339,-0.41660019755363464,-0.33056509494781494,-0.4184163212776184,0.03225350379943848,-0.030928699299693108,0.2382136881351471,0.11792109161615372,0.6157382130622864,0.4596196115016937,0.6401533484458923,0.4927960932254791,0.6615788340568542,0.5564534664154053,0.11475542932748795,0.09256003051996231,0.10302813351154327,0.10322868078947067,0.11234590411186218,0.1033889651298523,0.12254424393177032,0.047381483018398285,0.21348129212856293,0.11128418892621994,0.13685889542102814,0.03441736847162247,0.3565414845943451,-0.0926327332854271,0.4388376772403717,-0.01263026986271143,0.4713893532752991,-0.006599548738449812,0.47994154691696167,0.004685137886554003,0.44983240962028503,-0.0036136871203780174,0.4538097679615021,-0.051841851323843,0.053973957896232605,-0.2511681616306305,0.014183439314365387,-0.1876625269651413,0.10885439813137054,-0.17181818187236786,0.08516361564397812,-0.1812453418970108,0.08256160467863083
4,0.5694088339805603,0.591297447681427,0.5944219827651978,0.5917810797691345,0.589518129825592,0.5870499014854431,0.5749392509460449,0.5803926587104797,0.5153468251228333,0.5572138428688049,0.5139646530151367,0.4931539297103882,0.42097267508506775,0.523186981678009,0.26879552006721497,0.5605350732803345,0.25996312499046326,0.5905806422233582,0.28089407086372375,0.5948641896247864,0.3014531433582306,0.5525161027908325,0.2720046639442444,0.034067414700984955,-0.03271019458770752,-0.21463598310947418,-0.38085106015205383,-0.17179417610168457,-0.4326325058937073,-0.1632588654756546,-0.4287968873977661,-0.1753975749015808,-0.4856342375278473,-0.1244310736656189,-0.10024436563253403,-0.09570161253213882,-0.0965409204363823,-0.09164700657129288,-0.0923646092414856,-0.08646488934755325,0.03744689002633095,0.01202885527163744,-0.057682719081640244,-0.06397479772567749,0.07992129772901535,0.03892715647816658,-0.08571836352348328,-0.1366817057132721,-0.31993839144706726,-0.40150654315948486,-0.3657483756542206,-0.42212557792663574,-0.38080883026123047,-0.4194459915161133,-0.32715922594070435,-0.4212350845336914,0.03179609775543213,-0.030499335378408432,0.23576927185058594,0.11754912883043289,0.6123546957969666,0.4593580365180969,0.6366050243377686,0.49238842725753784,0.6589781045913696,0.5547089576721191,0.12234637886285782,0.10148392617702484,0.11198075860738754,0.1117606908082962,0.12220731377601624,0.11306548863649368,0.1323019415140152,0.05755443125963211,0.2271464318037033,0.11833520233631134,0.1446097493171692,0.03659863770008087,0.36451464891433716,-0.09579271078109741,0.4404987394809723,-0.026836970821022987,0.47283995151519775,-0.021675093099474907,0.48199746012687683,-0.00949942972511053,0.45158693194389343,-0.016902221366763115,0.45507872104644775,-0.05223549157381058,0.05437714606523514,-0.2615799307823181,0.01481600757688284,-0.2090190351009369,0.11002625524997711,-0.19418592751026154,0.08642003685235977,-0.21079204976558685,0.08333601802587509
5,0.5691702365875244,0.5911228060722351,0.5942658185958862,0.5916154384613037,0.589354395866394,0.5868728160858154,0.5747793912887573,0.5803651213645935,0.5154017210006714,0.557004988193512,0.5139067769050598,0.4932710826396942,0.42209964990615845,0.5243851542472839,0.2692338228225708,0.5616626143455505,0.25960949063301086,0.5918382406234741,0.27955567836761475,0.5956749320030212,0.30111125111579895,0.5533265471458435,0.2717553377151489,0.03389330953359604,-0.03245485946536064,-0.21525758504867554,-0.3791949152946472,-0.17189891636371613,-0.4326072931289673,-0.1633383333683014,-0.4287452697753906,-0.17386308312416077,-0.48563507199287415,-0.12421445548534393,-0.09997966140508652,-0.09547428786754608,-0.09630531817674637,-0.09159411489963531,-0.09229130297899246,-0.0864163488149643,0.03750687092542648,0.01069331169128418,-0.05757538229227066,-0.06406160444021225,0.08129127323627472,0.03541184589266777,-0.08088374882936478,-0.13712796568870544,-0.3147105574607849,-0.39978906512260437,-0.36101034283638,-0.42079147696495056,-0.3781447410583496,-0.41903796792030334,-0.32359579205513,-0.41978827118873596,0.03281349688768387,-0.03155834227800369,0.2363218069076538,0.12084916234016418,0.6135401129722595,0.46150556206703186,0.6379148364067078,0.4943970739841461,0.6610515117645264,0.5602420568466187,0.11663862317800522,0.09620274603366852,0.10608259588479996,0.10647562891244888,0.11594267189502716,0.10696888715028763,0.12621165812015533,0.054279882460832596,0.22088459134101868,0.1140221357345581,0.13961434364318848,0.036499183624982834,0.35752636194229126,-0.09431373327970505,0.4388127326965332,-0.016840066760778427,0.4747787415981293,-0.01045865099877119,0.4844088852405548,0.0011138217523694038,0.45381924510002136,-0.007674636319279671,0.45690006017684937,-0.05171194300055504,0.05376448109745979,-0.2504862844944,0.012699540704488754,-0.18799825012683868,0.10550664365291595,-0.17300467193126678,0.08216649293899536,-0.1863044649362564,0.08030351251363754
6,0.5703760981559753,0.5921676158905029,0.5953941345214844,0.5928288698196411,0.5911108255386353,0.5886282920837402,0.576845645904541,0.5814316868782043,0.5175542235374451,0.5583466291427612,0.5154638290405273,0.4933929443359375,0.4225872755050659,0.522514283657074,0.2687309980392456,0.5614006519317627,0.25757545232772827,0.5915798544883728,0.27655500173568726,0.5960288047790527,0.2989341914653778,0.5533930063247681,0.26947352290153503,0.033939383924007416,-0.03259989991784096,-0.22241924703121185,-0.3792870044708252,-0.17222309112548828,-0.43380963802337646,-0.16341868042945862,-0.4303697943687439,-0.17642217874526978,-0.4871291220188141,-0.12423732876777649,-0.0999138355255127,-0.09543637186288834,-0.09627413749694824,-0.09179574251174927,-0.0924406573176384,-0.08663008362054825,0.037708405405282974,0.010755467228591442,-0.05758095160126686,-0.06406866759061813,0.0813208520412445,0.03502197936177254,-0.0818813145160675,-0.13789960741996765,-0.3136679530143738,-0.4019729793071747,-0.3590613007545471,-0.4240112900733948,-0.373808354139328,-0.42175501585006714,-0.3206466734409332,-0.42106959223747253,0.03238833695650101,-0.031138578429818153,0.23647278547286987,0.11937545984983444,0.6126419901847839,0.46029242873191833,0.6370062828063965,0.49375438690185547,0.6609014868736267,0.5576985478401184,0.11707428842782974,0.09671397507190704,0.1066758781671524,0.10688108205795288,0.1165912002325058,0.10743695497512817,0.12671931087970734,0.055379126220941544,0.22229982912540436,0.11421477049589157,0.13989225029945374,0.03643466904759407,0.35755085945129395,-0.09389756619930267,0.4245447814464569,-0.019313890486955643,0.4276171922683716,-0.01353314146399498,0.43210482597351074,-0.0024468593765050173,0.40064048767089844,-0.010709688998758793,0.40929049253463745,-0.05168977752327919,0.053762342780828476,-0.24525246024131775,0.01375601440668106,-0.17389865219593048,0.10627289116382599,-0.15623298287391663,0.08320190012454987,-0.1631516069173813,0.0818038284778595
7,0.5703654885292053,0.5921804308891296,0.5953998565673828,0.5928385257720947,0.5911529660224915,0.5886539816856384,0.5768765211105347,0.5819587111473083,0.5180580615997314,0.5584566593170166,0.5154988169670105,0.49690747261047363,0.4232483208179474,0.5266796350479126,0.26685264706611633,0.5619628429412842,0.256112664937973,0.592052698135376,0.2751624286174774,0.5955566763877869,0.2976755201816559,0.5537527799606323,0.2680191993713379,0.03393448516726494,-0.032604966312646866,-0.22010645270347595,-0.3787830173969269,-0.17180930078029633,-0.43389207124710083,-0.16316258907318115,-0.43053001165390015,-0.17847242951393127,-0.4892498254776001,-0.12470836937427521,-0.10032200813293457,-0.09579544514417648,-0.09658700972795486,-0.09254302829504013,-0.09307941049337387,-0.08742039650678635,0.0376485250890255,0.010766271501779556,-0.057879213243722916,-0.06425759941339493,0.08140120655298233,0.035160962492227554,-0.0829692855477333,-0.13729768991470337,-0.31332820653915405,-0.4008571207523346,-0.3577403128147125,-0.42279255390167236,-0.37164565920829773,-0.42042186856269836,-0.3195071220397949,-0.4200310707092285,0.031783051788806915,-0.030479874461889267,0.23685407638549805,0.12278850376605988,0.6132354140281677,0.45990675687789917,0.6376610398292542,0.49349766969680786,0.6613547205924988,0.5585207343101501,0.11565418541431427,0.09419708698987961,0.10428136587142944,0.10427286475896835,0.11448705196380615,0.10522294044494629,0.12451237440109253,0.05196008086204529,0.22052101790905,0.11234991252422333,0.13845126330852509,0.035793762654066086,0.3550090193748474,-0.09341422468423843,0.4192671477794647,-0.0177934467792511,0.4285385310649872,-0.0119793601334095,0.43485143780708313,-0.0010969240684062243,0.40396952629089355,-0.00845942273736,0.41066864132881165,-0.05108411982655525,0.05328245460987091,-0.23718373477458954,0.015300861559808254,-0.16841468214988708,0.10696431994438171,-0.1508413702249527,0.08346091210842133,-0.15410400927066803,0.08157207071781158
8,0.5645942687988281,0.5866647362709045,0.5896766185760498,0.5874307751655579,0.5847657322883606,0.5824033617973328,0.5705646276473999,0.5791253447532654,0.5119040608406067,0.5537113547325134,0.5101199150085449,0.49617263674736023,0.41742637753486633,0.5220196843147278,0.26037511229515076,0.5477334260940552,0.2492826133966446,0.5756799578666687,0.2694092392921448,0.5779260993003845,0.2923124134540558,0.5381563305854797,0.2620629370212555,0.03420941159129143,-0.03293027728796005,-0.21943752467632294,-0.3788684904575348,-0.1721114069223404,-0.4336235821247101,-0.16358906030654907,-0.4300394356250763,-0.1777011752128601,-0.4853290021419525,-0.12471324950456619,-0.1002749502658844,-0.0957731232047081,-0.09655825048685074,-0.09254392236471176,-0.09308876097202301,-0.08744730800390244,0.03825636953115463,0.011554253287613392,-0.05778970196843147,-0.06417293846607208,0.08154571801424026,0.039158210158348083,-0.07407744973897934,-0.13098035752773285,-0.30180293321609497,-0.38749781250953674,-0.34474894404411316,-0.4052458107471466,-0.36012232303619385,-0.40513861179351807,-0.30836695432662964,-0.4066879153251648,0.030342694371938705,-0.02905583567917347,0.23661324381828308,0.1224856898188591,0.6131124496459961,0.4597874581813812,0.6373353004455566,0.4932611286640167,0.6612507700920105,0.5581567883491516,0.1194550022482872,0.09773383289575577,0.1078837662935257,0.10761180520057678,0.11886189132928848,0.10942315310239792,0.12887921929359436,0.053978096693754196,0.22570975124835968,0.11520661413669586,0.14218217134475708,0.0355326347053051,0.3567466735839844,-0.1101512610912323,0.42188408970832825,-0.05744088441133499,0.43785417079925537,-0.05398206412792206,0.44517946243286133,-0.04137730970978737,0.4143964648246765,-0.04772632196545601,0.42008331418037415,-0.051229145377874374,0.05343959107995033,-0.23991592228412628,0.015550212003290653,-0.17956502735614777,0.09835869818925858,-0.16378162801265717,0.0724630132317543,-0.1783408373594284,0.06514331698417664
9,0.5638170838356018,0.5856345295906067,0.5887007713317871,0.5864995718002319,0.583696186542511,0.581386148929596,0.5693355202674866,0.5783601403236389,0.5106295943260193,0.5526930093765259,0.5092824101448059,0.49485868215560913,0.41792550683021545,0.5128871202468872,0.2588501572608948,0.5330107808113098,0.24925221502780914,0.5577021241188049,0.2684752941131592,0.5594296455383301,0.2914644479751587,0.5227264165878296,0.26223811507225037,0.03411368280649185,-0.032861363142728806,-0.2190784066915512,-0.3815856873989105,-0.17235954105854034,-0.4336535930633545,-0.1640559434890747,-0.43001076579093933,-0.17788133025169373,-0.4850565195083618,-0.12371116131544113,-0.09870363026857376,-0.09440462291240692,-0.0950731635093689,-0.09068119525909424,-0.09132598340511322,-0.08586065471172333,0.04042047634720802,0.017178205773234367,-0.056328967213630676,-0.062321823090314865,0.08558964729309082,0.04412929713726044,-0.058088745921850204,-0.11273098737001419,-0.285343736410141,-0.3575572669506073,-0.3265502154827118,-0.3721940517425537,-0.34584540128707886,-0.3739127218723297,-0.29354602098464966,-0.3771640360355377,0.029950695112347603,-0.028605761006474495,0.2359248250722885,0.12370505183935165,0.6129329800605774,0.45843183994293213,0.6373145580291748,0.4911654591560364,0.6572065353393555,0.5542994141578674,0.11853498965501785,0.09591609239578247,0.10619311779737473,0.10563863068819046,0.11767735332250595,0.10807039588689804,0.1276279091835022,0.047057315707206726,0.22267667949199677,0.11324749886989594,0.1406916230916977,0.025084424763917923,0.35349172353744507,-0.13778606057167053,0.42393508553504944,-0.10461162030696869,0.44070205092430115,-0.10323978215456009,0.4481242299079895,-0.0896221175789833,0.4176287353038788,-0.09438802301883698,0.4232959747314453,-0.051404885947704315,0.05351908504962921,-0.24042628705501556,0.01637274958193302,-0.17952366173267365,0.10054407268762589,-0.16370482742786407,0.0749647468328476,-0.17797349393367767,0.06798521429300308
10,0.5637155771255493,0.5852982997894287,0.5883240699768066,0.5861772894859314,0.5833348035812378,0.5810660719871521,0.5686842203140259,0.5744750499725342,0.5079323649406433,0.5513924360275269,0.5085780620574951,0.49164384603500366,0.41494983434677124,0.5122499465942383,0.2592028081417084,0.5270717144012451,0.26034945249557495,0.5488317608833313,0.28092437982559204,0.5467551350593567,0.304261177778244,0.5157690048217773,0.2755235433578491,0.03413946181535721,-0.03292307257652283,-0.21469683945178986,-0.393770307302475,-0.16729718446731567,-0.4341612756252289,-0.1590236872434616,-0.4301905333995819,-0.17057430744171143,-0.4850875437259674,-0.1234455555677414,-0.09794936329126358,-0.09360077977180481,-0.09414923936128616,-0.08819477260112762,-0.08892210572957993,-0.08356049656867981,0.04153824225068092,0.02693786285817623,-0.05618717148900032,-0.06123436987400055,0.08570501208305359,0.057777125388383865,-0.04240168631076813,-0.06572102755308151,-0.26516440510749817,-0.27943140268325806,-0.3008769750595093,-0.28328514099121094,-0.32244399189949036,-0.2899710237979889,-0.27335110306739807,-0.3001849949359894,0.028447343036532402,-0.026893988251686096,0.23174287378787994,0.12372976541519165,0.5935431718826294,0.4489886164665222,0.6175224184989929,0.4794508218765259,0.6402993202209473,0.5465637445449829,0.12259833514690399,0.09882507473230362,0.10952121764421463,0.1083495244383812,0.12129572033882141,0.11151313781738281,0.1311352252960205,0.04500190541148186,0.2225799709558487,0.11465365439653397,0.14269199967384338,0.019816679880023003,0.35261020064353943,-0.15320326387882233,0.4321226477622986,-0.12473604828119278,0.5022820234298706,-0.12285895645618439,0.519791841506958,-0.10752978920936584,0.4902130663394928,-0.1133425235748291,0.4851034879684448,-0.0513635091483593,0.05342322215437889,-0.2540002465248108,0.013899704441428185,-0.21653683483600616,0.10099834948778152,-0.2028626948595047,0.07550054788589478,-0.22115348279476166,0.06922703981399536
11,0.569896399974823,0.590226411819458,0.5929821729660034,0.5911130905151367,0.5882669687271118,0.5861309170722961,0.573154091835022,0.5745900273323059,0.5089011192321777,0.5544068217277527,0.5126833915710449,0.49057161808013916,0.4154062569141388,0.5101275444030762,0.2636392116546631,0.5238984227180481,0.27315250039100647,0.5428621768951416,0.29233860969543457,0.5415415167808533,0.31786879897117615,0.5126750469207764,0.2894866466522217,0.034192878752946854,-0.032976195216178894,-0.20850616693496704,-0.40529921650886536,-0.16654959321022034,-0.4342639744281769,-0.1585122048854828,-0.42998579144477844,-0.1703275740146637,-0.48378100991249084,-0.12308094650506973,-0.0968950018286705,-0.0925632119178772,-0.09301543980836868,-0.08670888096094131,-0.08743651956319809,-0.0822182446718216,0.044234681874513626,0.029798002913594246,-0.05561496317386627,-0.06026783958077431,0.09127029031515121,0.05955292657017708,-0.005833171773701906,-0.06047241389751434,-0.2317301332950592,-0.27029725909233093,-0.2679990231990814,-0.2745862603187561,-0.29546234011650085,-0.27940356731414795,-0.24304154515266418,-0.2901664674282074,0.02838381752371788,-0.026772446930408478,0.23099897801876068,0.1226043850183487,0.5904136300086975,0.4389265477657318,0.6145104169845581,0.4687790870666504,0.6408278346061707,0.5386090278625488,0.11686394363641739,0.09272734820842743,0.10335715860128403,0.10187992453575134,0.11594583094120026,0.10599474608898163,0.1258222609758377,0.03024623915553093,0.21483853459358215,0.1067485585808754,0.1356363594532013,0.004703945480287075,0.3434564471244812,-0.18254801630973816,0.43255507946014404,-0.1700536161661148,0.5146427154541016,-0.17012187838554382,0.532926082611084,-0.15444263815879822,0.5019463896751404,-0.15944771468639374,0.4975222945213318,-0.05148249492049217,0.05345746874809265,-0.2608427107334137,0.010775021277368069,-0.2451954483985901,0.08599138259887695,-0.23459866642951965,0.059028565883636475,-0.25253111124038696,0.051445621997117996
12,0.5709282755851746,0.5911951065063477,0.5939112305641174,0.5921985507011414,0.5888696312904358,0.586775541305542,0.5737189054489136,0.5759701728820801,0.5090936422348022,0.5557713508605957,0.5137352347373962,0.4915606379508972,0.41576212644577026,0.4973776638507843,0.2638355493545532,0.5069227814674377,0.28166070580482483,0.5297266244888306,0.30633750557899475,0.5290306210517883,0.33638644218444824,0.49718889594078064,0.3004772961139679,0.035157229751348495,-0.03408559039235115,-0.2087654173374176,-0.4037283658981323,-0.1708696186542511,-0.4352931082248688,-0.1630319356918335,-0.4309699237346649,-0.17146898806095123,-0.4839026629924774,-0.1205536350607872,-0.09481309354305267,-0.09054451435804367,-0.09099843353033066,-0.08506014198064804,-0.08580843359231949,-0.0807005912065506,0.04540597274899483,0.029638132080435753,-0.05322148650884628,-0.05799967050552368,0.09246564656496048,0.06336554139852524,0.013736617751419544,-0.04230275750160217,-0.1683865785598755,-0.22610564529895782,-0.19245049357414246,-0.22208233177661896,-0.2086014449596405,-0.22698113322257996,-0.17145892977714539,-0.243994802236557,0.0273943692445755,-0.02567089907824993,0.2249358892440796,0.12173566222190857,0.5850614905357361,0.43941861391067505,0.6097424030303955,0.46919912099838257,0.6349306106567383,0.5394428372383118,0.11967506259679794,0.09624864906072617,0.10716434568166733,0.10536033660173416,0.11915953457355499,0.10912258177995682,0.12907549738883972,0.034336742013692856,0.21852214634418488,0.10978583991527557,0.13847626745700836,0.0072587523609399796,0.3465684950351715,-0.17069563269615173,0.4378245770931244,-0.15450599789619446,0.5123356580734253,-0.1553986817598343,0.5276315212249756,-0.13983125984668732,0.497714102268219,-0.14472810924053192,0.49512779712677,-0.0524592287838459,0.054395776242017746,-0.2749740481376648,0.011983899399638176,-0.27062392234802246,0.08051048964262009,-0.2608037292957306,0.051304399967193604,-0.2891422212123871,0.036698006093502045
13,0.5777024030685425,0.5978941321372986,0.6006001830101013,0.5987311601638794,0.5954722166061401,0.5932717323303223,0.5803044438362122,0.5788728594779968,0.5140703320503235,0.5614660382270813,0.5198122262954712,0.4922114908695221,0.41828054189682007,0.4961353838443756,0.2657908797264099,0.5111911296844482,0.29244765639305115,0.5358330607414246,0.31907716393470764,0.5363240838050842,0.34956878423690796,0.5020831227302551,0.3114505410194397,0.03518715128302574,-0.0341460295021534,-0.20426654815673828,-0.40285760164260864,-0.17087075114250183,-0.4357438087463379,-0.16307036578655243,-0.4312679171562195,-0.17091506719589233,-0.48427891731262207,-0.12042062729597092,-0.0947221964597702,-0.09043478965759277,-0.0908941999077797,-0.0849476009607315,-0.08569127321243286,-0.08056968450546265,0.04535668343305588,0.02912093885242939,-0.05319824069738388,-0.05801336467266083,0.0924258902668953,0.062449682503938675,0.005499580409377813,-0.05001993849873543,-0.18278028070926666,-0.24686048924922943,-0.21153278648853302,-0.24713034927845,-0.2261320799589157,-0.25084617733955383,-0.18652352690696716,-0.26526573300361633,0.02733101136982441,-0.02560318447649479,0.2238144427537918,0.1221374049782753,0.5847373604774475,0.4491432011127472,0.6093003749847412,0.4808930456638336,0.6347113251686096,0.5532774329185486,0.12006522715091705,0.0967453196644783,0.1075519397854805,0.10597620159387589,0.11942192167043686,0.10948235541582108,0.12943726778030396,0.03456982597708702,0.21877826750278473,0.11029016971588135,0.13895127177238464,0.007726715877652168,0.34677720069885254,-0.16966447234153748,0.43866920471191406,-0.14248168468475342,0.5098530650138855,-0.14202870428562164,0.5239759087562561,-0.12334836274385452,0.4949202835559845,-0.12870462238788605,0.49276214838027954,-0.052553821355104446,0.0545184426009655,-0.2926056981086731,0.011781689710915089,-0.28544551134109497,0.07844357192516327,-0.27537471055984497,0.049291908740997314,-0.30742189288139343,0.033753324300050735
14,0.5773981809616089,0.5978511571884155,0.6006148457527161,0.598750114440918,0.5962000489234924,0.5936424136161804,0.580676257610321,0.5819442272186279,0.5210129022598267,0.5622797608375549,0.5208845734596252,0.5028907656669617,0.4399765133857727,0.4950217604637146,0.28957539796829224,0.5151600241661072,0.35166600346565247,0.5371739864349365,0.38592633605003357,0.5376963019371033,0.4226011335849762,0.5058614611625671,0.3749620020389557,0.03478493168950081,-0.03345729410648346,-0.21806621551513672,-0.38624313473701477,-0.18391956388950348,-0.43857359886169434,-0.17621871829032898,-0.4359116554260254,-0.1862565129995346,-0.4994100332260132,-0.11747752130031586,-0.09378805011510849,-0.08922260999679565,-0.08980803936719894,-0.08408012241125107,-0.08444232493638992,-0.07952036708593369,0.044147662818431854,0.02669059857726097,-0.05181560665369034,-0.05710456520318985,0.09278543293476105,0.06326976418495178,0.017608292400836945,-0.008132928982377052,-0.10502231121063232,-0.129754900932312,-0.12560102343559265,-0.11313898116350174,-0.13219484686851501,-0.1083911880850792,-0.10221321135759354,-0.1407657265663147,0.02753974124789238,-0.02570429816842079,0.2205515056848526,0.12293944507837296,0.5860241651535034,0.44953298568725586,0.6106708645820618,0.48223093152046204,0.6360123753547668,0.5538631677627563,0.0863594189286232,0.05904892832040787,0.06861897557973862,0.06894724071025848,0.07858704030513763,0.06975052505731583,0.08935242891311646,0.007342103868722916,0.1780948042869568,0.08234207332134247,0.10961943864822388,0.0051597352139651775,0.33053359389305115,-0.12161391228437424,0.43472716212272644,0.011503299698233604,0.5133510828018188,0.023454347625374794,0.524020254611969,0.03522580862045288,0.4992189109325409,0.01938067004084587,0.49833086133003235,-0.05256029590964317,0.05452233552932739,-0.240443617105484,0.01261115912348032,-0.21666797995567322,0.0827813372015953,-0.2072497308254242,0.05444388464093208,-0.21708349883556366,0.04233931005001068
15,0.5776644349098206,0.5979300737380981,0.6007586717605591,0.5989267230033875,0.5972216725349426,0.5944324135780334,0.5814069509506226,0.582184374332428,0.5242055058479309,0.5630680918693542,0.5227669477462769,0.5038016438484192,0.45138293504714966,0.4802694320678711,0.3008726239204407,0.5154259204864502,0.3956163823604584,0.5407132506370544,0.4362831711769104,0.5411214232444763,0.477720707654953,0.5066924691200256,0.4229496419429779,0.03441508859395981,-0.032973431050777435,-0.21374425292015076,-0.38397666811943054,-0.18582788109779358,-0.4406229853630066,-0.1791628897190094,-0.43863147497177124,-0.1917216181755066,-0.5058719515800476,-0.11477327346801758,-0.09255137294530869,-0.08795452117919922,-0.08853854984045029,-0.08202595263719559,-0.08202437311410904,-0.0774470791220665,0.039125628769397736,0.026473168283700943,-0.05152455344796181,-0.05607643723487854,0.0902729332447052,0.0680977925658226,0.03812398016452789,0.03786848857998848,-0.02796228975057602,-0.0598628856241703,-0.03203253075480461,-0.03805556893348694,-0.03629891574382782,-0.03765757754445076,-0.021107468754053116,-0.07132913917303085,0.026266053318977356,-0.02407176047563553,0.22092877328395844,0.12193557620048523,0.5847517251968384,0.4472673535346985,0.6095318794250488,0.4810405671596527,0.6373800039291382,0.5521554350852966,0.07679180055856705,0.04760953038930893,0.05713745579123497,0.05737994611263275,0.06584939360618591,0.056773021817207336,0.07672026008367538,-0.008343531750142574,0.1564435064792633,0.07115589082241058,0.09677021205425262,-0.007487704511731863,0.3070521354675293,-0.12408366799354553,0.41312718391418457,-0.011645087040960789,0.5128447413444519,-0.0033777335193008184,0.52016681432724,0.009719149209558964,0.49695390462875366,-0.0011693291598930955,0.4962444603443146,-0.05265664681792259,0.05461525917053223,-0.2334691882133484,0.016677632927894592,-0.21351133286952972,0.08927097171545029,-0.20421083271503448,0.060972362756729126,-0.21460722386837006,0.04397430643439293
16,0.5775716304779053,0.5977981090545654,0.6005961894989014,0.5988155603408813,0.5970913171768188,0.5943129658699036,0.5813208222389221,0.5831155180931091,0.5273692011833191,0.5631968379020691,0.523188591003418,0.5076557993888855,0.46337202191352844,0.48195046186447144,0.31888681650161743,0.5168222188949585,0.40154388546943665,0.5487534999847412,0.4369508922100067,0.5536351799964905,0.47718340158462524,0.5100446343421936,0.4270142614841461,0.03390530124306679,-0.03237371891736984,-0.20692230761051178,-0.3838353753089905,-0.18638896942138672,-0.4466041326522827,-0.17991116642951965,-0.44540444016456604,-0.19286249577999115,-0.5148577690124512,-0.11161021143198013,-0.09139043837785721,-0.08675083518028259,-0.08731453120708466,-0.08084268122911453,-0.08069892972707748,-0.07629978656768799,0.037273891270160675,0.02414756640791893,-0.04982363432645798,-0.05442292243242264,0.09148123115301132,0.06961007416248322,0.06243786960840225,0.045116472989320755,-0.026603516191244125,-0.04730847477912903,-0.039280615746974945,-0.02541375905275345,-0.04855720326304436,-0.02454693801701069,-0.02362692542374134,-0.05883896350860596,0.025985730811953545,-0.02362942509353161,0.22035571932792664,0.12221574783325195,0.5816789865493774,0.4468044340610504,0.6067624688148499,0.48095670342445374,0.638113260269165,0.5518069267272949,0.07179327309131622,0.04376588389277458,0.0533457025885582,0.05364399775862694,0.06123759597539902,0.05203268304467201,0.07214633375406265,-0.009028126485645771,0.15186867117881775,0.06703884899616241,0.09123995155096054,-0.0075895595364272594,0.3031685948371887,-0.12398732453584671,0.4113073945045471,-0.022521769627928734,0.5142050385475159,-0.0152542470023036,0.5219024419784546,-0.0028608329594135284,0.5003284811973572,-0.013713883236050606,0.49942994117736816,-0.05266249552369118,0.05461500585079193,-0.23640525341033936,0.021395327523350716,-0.23112598061561584,0.08973780274391174,-0.2242489606142044,0.06191928684711456,-0.23794813454151154,0.04593092203140259
17,0.5716440677642822,0.5925920009613037,0.5953072309494019,0.5936387181282043,0.592258870601654,0.5893986225128174,0.5758504271507263,0.5828893184661865,0.5271586179733276,0.560386598110199,0.5207892656326294,0.5097325444221497,0.4627237021923065,0.4840490520000458,0.3231983184814453,0.5182245373725891,0.4007859230041504,0.5509588718414307,0.4362840950489044,0.5580412149429321,0.4751203656196594,0.5126866698265076,0.42595863342285156,0.03366270661354065,-0.03214329108595848,-0.19734720885753632,-0.3832930624485016,-0.18592879176139832,-0.4388197362422943,-0.1794433444738388,-0.43698957562446594,-0.1932162195444107,-0.5077776908874512,-0.1136779636144638,-0.09458241611719131,-0.08968471735715866,-0.09009256958961487,-0.08483442664146423,-0.08488309383392334,-0.08074602484703064,0.029447345063090324,0.007766879163682461,-0.05274980515241623,-0.05885292589664459,0.0912756696343422,0.06658099591732025,0.09361232072114944,0.05006200075149536,-0.010740403085947037,-0.038824744522571564,-0.02508317120373249,-0.017403405159711838,-0.0407523475587368,-0.021036121994256973,-0.010646114125847816,-0.05270831286907196,0.025226516649127007,-0.022607939317822456,0.22067423164844513,0.11959254741668701,0.5774094462394714,0.44686123728752136,0.6027326583862305,0.4810221791267395,0.6388327479362488,0.5533210635185242,0.07488425821065903,0.04868815839290619,0.05875035375356674,0.058435194194316864,0.06622505187988281,0.056765902787446976,0.07676136493682861,-0.003262752201408148,0.15946824848651886,0.07075732946395874,0.09422849863767624,-0.005867975298315287,0.3076254725456238,-0.12396378815174103,0.41370612382888794,-0.04737849906086922,0.5213476419448853,-0.0443161316215992,0.530301034450531,-0.030913343653082848,0.508578360080719,-0.04063522815704346,0.5070351362228394,-0.05259174481034279,0.05456947907805443,-0.23820538818836212,0.03045003116130829,-0.23764753341674805,0.09231903403997421,-0.23034951090812683,0.06270185858011246,-0.24399079382419586,0.04777834936976433
18,0.562126636505127,0.5837687849998474,0.5858051776885986,0.5850248336791992,0.5834444761276245,0.5812825560569763,0.567133903503418,0.5816242694854736,0.5246995687484741,0.5544266104698181,0.5148177146911621,0.5093510746955872,0.4616372883319855,0.48152995109558105,0.3183220326900482,0.4751180112361908,0.3694254159927368,0.493429571390152,0.391502320766449,0.4920777976512909,0.4247174859046936,0.46386823058128357,0.3887591063976288,0.03366291895508766,-0.032174114137887955,-0.19758427143096924,-0.38336852192878723,-0.18672426044940948,-0.43499845266342163,-0.18032339215278625,-0.4325460195541382,-0.19565361738204956,-0.4944063425064087,-0.1127900630235672,-0.09304039180278778,-0.08839026838541031,-0.08877617865800858,-0.08417710661888123,-0.084328792989254,-0.08017249405384064,0.029908446595072746,0.008485009893774986,-0.0522373802959919,-0.05796925723552704,0.09144940227270126,0.06570050120353699,0.11594735831022263,0.05706603452563286,0.006773404311388731,-0.04432886838912964,-0.0023177722468972206,-0.027157679200172424,-0.023424340412020683,-0.038492172956466675,0.0069819060154259205,-0.06147817149758339,0.024947281926870346,-0.02214881405234337,0.2146385759115219,0.1194441094994545,0.5704269409179688,0.4425906240940094,0.5964102149009705,0.47711679339408875,0.6337186694145203,0.5518515110015869,0.07546642422676086,0.05032243952155113,0.061223749071359634,0.05961648374795914,0.06806529313325882,0.05798204988241196,0.07781615853309631,0.000335997756337747,0.16154783964157104,0.07157209515571594,0.0935191959142685,-0.009784555062651634,0.30867505073547363,-0.1929446905851364,0.4116586148738861,-0.22187857329845428,0.520963191986084,-0.2290143519639969,0.5280075073242188,-0.20937886834144592,0.5066359639167786,-0.21218276023864746,0.5062721371650696,-0.05259287729859352,0.054542817175388336,-0.23942512273788452,0.03318779915571213,-0.23679573833942413,0.09015505760908127,-0.22853140532970428,0.05881195515394211,-0.24248836934566498,0.04041587933897972
19,0.5600155591964722,0.5813786387443542,0.5838086605072021,0.58309006690979,0.5818307399749756,0.5794966220855713,0.5657866597175598,0.5815461874008179,0.5237755179405212,0.5536673665046692,0.5136772990226746,0.5109262466430664,0.45997515320777893,0.4821357727050781,0.31541284918785095,0.48561516404151917,0.3769625723361969,0.5079827308654785,0.40768009424209595,0.508283793926239,0.44654035568237305,0.4752952754497528,0.4000556766986847,0.03411417827010155,-0.03267655149102211,-0.20292924344539642,-0.37913334369659424,-0.18880635499954224,-0.4303167164325714,-0.18223387002944946,-0.42784082889556885,-0.19542302191257477,-0.4828040301799774,-0.10044992715120316,-0.08253903687000275,-0.07809008657932281,-0.07851708680391312,-0.07574639469385147,-0.07578621804714203,-0.07193414866924286,0.030227763578295708,0.009033647365868092,-0.044679027050733566,-0.0502815879881382,0.08934371918439865,0.060958657413721085,0.09523042291402817,0.04863715544342995,0.010533763095736504,-0.036602046340703964,0.0050703720189630985,-0.01419314555823803,-0.007714377716183662,-0.020079156383872032,0.016184592619538307,-0.04930160567164421,0.024708211421966553,-0.02180248126387596,0.21519796550273895,0.11715852469205856,0.5717535614967346,0.4426902234554291,0.5971906781196594,0.47813156247138977,0.6338881850242615,0.5548339486122131,0.07761108875274658,0.05216231569647789,0.0627518743276596,0.061747219413518906,0.070646271109581,0.06056523323059082,0.08040258288383484,0.012486491352319717,0.16373677551746368,0.072026826441288,0.09598572552204132,-0.00366963935084641,0.30805227160453796,-0.17886212468147278,0.3777802288532257,-0.16460464894771576,0.43463456630706787,-0.16365228593349457,0.43386900424957275,-0.14740735292434692,0.4113323986530304,-0.15525053441524506,0.4186592400074005,-0.05077854171395302,0.053016193211078644,-0.22650553286075592,0.028121039271354675,-0.2215704619884491,0.0752716213464737,-0.21155937016010284,0.04238190874457359,-0.2271980345249176,0.017565134912729263
20,0.5769056677818298,0.5963473320007324,0.5996750593185425,0.5991795063018799,0.6017767786979675,0.5990496873855591,0.5858033895492554,0.588316798210144,0.5424918532371521,0.5661607980728149,0.5292359590530396,0.5119286775588989,0.48396584391593933,0.4823751449584961,0.36451029777526855,0.5329890251159668,0.4512632489204407,0.5686439871788025,0.4892382025718689,0.5774174332618713,0.5284872055053711,0.5282812714576721,0.4759790003299713,0.03355173021554947,-0.03166098892688751,-0.20303431153297424,-0.3676222264766693,-0.188798725605011,-0.4274652898311615,-0.18214184045791626,-0.42526423931121826,-0.19489750266075134,-0.48060569167137146,-0.0956801325082779,-0.07557003945112228,-0.07125428318977356,-0.07168072462081909,-0.06958222389221191,-0.06951188296079636,-0.06585586816072464,0.03106219694018364,0.007410136982798576,-0.04211929440498352,-0.04944818466901779,0.09012192487716675,0.03714091330766678,0.12813283503055573,0.038860101252794266,0.03022949770092964,-0.03784772381186485,0.011870802380144596,-0.01683395728468895,-0.008512359112501144,-0.014983899891376495,0.029424505308270454,-0.04747462272644043,0.0300456415861845,-0.02695746161043644,0.2332109808921814,0.11860666424036026,0.5902555584907532,0.44927075505256653,0.6146203875541687,0.48637962341308594,0.6496533155441284,0.5633625984191895,0.054583270102739334,0.03423890843987465,0.04459988325834274,0.04328179731965065,0.04678386077284813,0.03722509741783142,0.056646596640348434,0.006805624812841415,0.1366761028766632,0.05708148330450058,0.07151321321725845,-0.0030775764025747776,0.29228416085243225,-0.11747965216636658,0.3738219738006592,-0.03037862665951252,0.4492205083370209,-0.02264835685491562,0.4494600296020508,-0.007530359085649252,0.4285261332988739,-0.022036464884877205,0.4340958297252655,-0.04865039885044098,0.050473667681217194,-0.2029312551021576,0.01640942692756653,-0.20514284074306488,0.04116346687078476,-0.1968303769826889,0.00826412532478571,-0.19865359365940094,-0.01372355967760086
21,0.5666163563728333,0.5870118737220764,0.5896937847137451,0.5898116827011108,0.5929804444313049,0.5906916260719299,0.5776146054267883,0.5819270610809326,0.536961555480957,0.55643630027771,0.5210162997245789,0.5032687783241272,0.477515310049057,0.48054614663124084,0.30620187520980835,0.4940056800842285,0.2543143928050995,0.5170193314552307,0.2578592598438263,0.5183443427085876,0.28671082854270935,0.48553451895713806,0.2665611803531647,0.03354019299149513,-0.03170337155461311,-0.2171194851398468,-0.3712453246116638,-0.19143827259540558,-0.43079209327697754,-0.18479077517986298,-0.4293818473815918,-0.1956799328327179,-0.4808155298233032,-0.09687507152557373,-0.07559318840503693,-0.07122087478637695,-0.07191438972949982,-0.07004604488611221,-0.07008600980043411,-0.06625388562679291,0.03761163726449013,0.009984524920582771,-0.04236593469977379,-0.049578212201595306,0.09159905463457108,0.03939546272158623,0.13590919971466064,0.054607756435871124,0.07154445350170135,0.015439988113939762,0.0755380243062973,0.05110732838511467,0.05689060688018799,0.04633933678269386,0.07663866877555847,0.007607912179082632,0.02967565506696701,-0.026719359681010246,0.2259158045053482,0.11914422363042831,0.5884883999824524,0.4492567777633667,0.6133766174316406,0.48622217774391174,0.6484513282775879,0.5583714246749878,0.05663961544632912,0.038035016506910324,0.050961509346961975,0.04559682682156563,0.05064975470304489,0.03887230157852173,0.05863166227936745,0.014909855090081692,0.15270210802555084,0.05924943462014198,0.07233626395463943,-0.002659064484760165,0.29306259751319885,-0.19673699140548706,0.37998226284980774,-0.2741023004055023,0.45595377683639526,-0.29235124588012695,0.45990994572639465,-0.2751341462135315,0.4376714825630188,-0.26615041494369507,0.44098931550979614,-0.04865117743611336,0.05049103870987892,-0.20973826944828033,0.015766991302371025,-0.1900321990251541,0.05208601430058479,-0.1776580512523651,0.018189067021012306,-0.1970982849597931,-0.00775584252551198
22,0.5766670107841492,0.5966352224349976,0.599755048751831,0.5994479060173035,0.6010630130767822,0.598652184009552,0.5849528312683105,0.5895422101020813,0.5407416224479675,0.5654581189155579,0.5293246507644653,0.5094176530838013,0.49002906680107117,0.5169127583503723,0.38631418347358704,0.5496599078178406,0.3982807695865631,0.5766209363937378,0.41273778676986694,0.578563392162323,0.441911906003952,0.5413269996643066,0.4149315655231476,0.032626695930957794,-0.030504481866955757,-0.21883884072303772,-0.3702409863471985,-0.1979256421327591,-0.42564043402671814,-0.19159577786922455,-0.4228399991989136,-0.2021527737379074,-0.4779287278652191,-0.09463398158550262,-0.07391122728586197,-0.06942705065011978,-0.0701436698436737,-0.06824775785207748,-0.06833476573228836,-0.06442595273256302,0.03764861822128296,0.009095943532884121,-0.03989006578922272,-0.04859093204140663,0.09843720495700836,0.03796135634183884,0.1615181714296341,0.05163004621863365,0.1017305925488472,-0.020505419000983238,0.0987333208322525,0.009889497421681881,0.08059263229370117,0.011975849978625774,0.10427668690681458,-0.0287281833589077,0.0315396822988987,-0.02860475704073906,0.23171557486057281,0.11908208578824997,0.5944675207138062,0.45063918828964233,0.6191099882125854,0.48756635189056396,0.6563549637794495,0.5639071464538574,0.061484359204769135,0.041611410677433014,0.0541246272623539,0.049607884138822556,0.055550623685121536,0.04437556490302086,0.06411945074796677,0.015627853572368622,0.15440699458122253,0.06257776916027069,0.07821908593177795,0.005861858371645212,0.2960885465145111,-0.16805681586265564,0.3846641182899475,-0.1994697004556656,0.4873494505882263,-0.21714359521865845,0.4896736443042755,-0.2059297412633896,0.46566882729530334,-0.19901998341083527,0.4719577133655548,-0.0483391247689724,0.05000269412994385,-0.19874423742294312,0.01519376877695322,-0.1853344589471817,0.05677715688943863,-0.1744878590106964,0.024743929505348206,-0.18701675534248352,0.002963254926726222
23,0.5780493021011353,0.598121702671051,0.6012793183326721,0.6009550094604492,0.602243185043335,0.6001034379005432,0.5860300064086914,0.5894805788993835,0.5402028560638428,0.5658438205718994,0.5298208594322205,0.509004533290863,0.48862579464912415,0.514030396938324,0.4007091224193573,0.5476710796356201,0.4403803050518036,0.5758408904075623,0.4652080833911896,0.5777176022529602,0.49824005365371704,0.5390310287475586,0.4607836902141571,0.03242410719394684,-0.030284268781542778,-0.2219935655593872,-0.3708744943141937,-0.20026610791683197,-0.425920307636261,-0.194056436419487,-0.4229775667190552,-0.20668451488018036,-0.4798746109008789,-0.09534108638763428,-0.07370611280202866,-0.06918596476316452,-0.06983044743537903,-0.06826446950435638,-0.0684414952993393,-0.06453071534633636,0.039097849279642105,0.008715585805475712,-0.03981304168701172,-0.048702988773584366,0.10224646329879761,0.03697759658098221,0.18647587299346924,0.04392367973923683,0.11576421558856964,-0.00021684989042114466,0.11077000200748444,0.036562588065862656,0.08557049185037613,0.04035934805870056,0.11456339061260223,-0.006864032242447138,0.03334369882941246,-0.03027539700269699,0.23341931402683258,0.11906731873750687,0.5943098068237305,0.45283079147338867,0.6190372109413147,0.4897233545780182,0.6557969450950623,0.563534140586853,0.06169694662094116,0.04269726946949959,0.05488211289048195,0.050705958157777786,0.05678395554423332,0.046043507754802704,0.06556040793657303,0.015457311645150185,0.15543943643569946,0.06287167221307755,0.0789949968457222,0.005961706396192312,0.2984577715396881,-0.16815434396266937,0.39078834652900696,-0.1932804435491562,0.50033038854599,-0.2055470496416092,0.5042312741279602,-0.18838977813720703,0.4798237681388855,-0.18671807646751404,0.48503008484840393,-0.04831714183092117,0.049899742007255554,-0.19759327173233032,0.015032215043902397,-0.18316203355789185,0.05901847034692764,-0.1725645363330841,0.027130721136927605,-0.18306834995746613,0.003846527775749564
24,0.5779155492782593,0.5980610847473145,0.6012631058692932,0.6008433103561401,0.6020581722259521,0.5998634696006775,0.585813581943512,0.5892999768257141,0.53985595703125,0.5656646490097046,0.5294722318649292,0.5087720155715942,0.4878306984901428,0.5060470104217529,0.3948352634906769,0.5447402000427246,0.4482317268848419,0.5714638233184814,0.47700580954551697,0.5737073421478271,0.511665403842926,0.5354402661323547,0.4697428345680237,0.03208111599087715,-0.02984721027314663,-0.22534959018230438,-0.36774155497550964,-0.2054140269756317,-0.4267043173313141,-0.19920457899570465,-0.42438367009162903,-0.21100376546382904,-0.48329252004623413,-0.09583313763141632,-0.0739312395453453,-0.06939256936311722,-0.07001325488090515,-0.06847644597291946,-0.06863191723823547,-0.06474357098340988,0.039102017879486084,0.00693576829507947,-0.039940960705280304,-0.048920534551143646,0.10335677117109299,0.03166631981730461,0.16857880353927612,0.02945241704583168,0.08735568821430206,-0.022022290155291557,0.07929684221744537,0.007157209329307079,0.05744009464979172,0.009665415622293949,0.08650315552949905,-0.031131666153669357,0.035203393548727036,-0.0320444293320179,0.2374541163444519,0.11908221244812012,0.5990729331970215,0.45333847403526306,0.6243870258331299,0.49034973978996277,0.6618140935897827,0.5638864636421204,0.06087329238653183,0.04215269908308983,0.053666844964027405,0.05019909888505936,0.05570583790540695,0.045464374125003815,0.0647532269358635,0.014693347737193108,0.15375164151191711,0.06258755177259445,0.07881475985050201,0.006138358265161514,0.29954394698143005,-0.16546790301799774,0.3916764259338379,-0.17245157063007355,0.5079607963562012,-0.1798848658800125,0.512235164642334,-0.1646852344274521,0.4894166886806488,-0.16543325781822205,0.49329668283462524,-0.04825600981712341,0.049784861505031586,-0.19474488496780396,0.013795044273138046,-0.1724177896976471,0.059840086847543716,-0.16135495901107788,0.028760243207216263,-0.16782575845718384,0.00797845609486103
25,0.5749372839927673,0.5954785346984863,0.5984768271446228,0.5980281233787537,0.5985830426216125,0.5965874791145325,0.582743763923645,0.5891810655593872,0.5382230281829834,0.5645876526832581,0.5277125835418701,0.5100747346878052,0.486918181180954,0.5110439658164978,0.3604006767272949,0.5433332324028015,0.3565858006477356,0.5705351233482361,0.37236225605010986,0.5725488066673279,0.40509942173957825,0.5343465209007263,0.3740384578704834,0.03206251934170723,-0.02986636944115162,-0.2226308435201645,-0.3681319057941437,-0.205064058303833,-0.4264094829559326,-0.19883683323860168,-0.42418190836906433,-0.20727573335170746,-0.4801243543624878,-0.09615002572536469,-0.07409209758043289,-0.0695304423570633,-0.07012443989515305,-0.06858938187360764,-0.06878731399774551,-0.06484449654817581,0.038799021393060684,0.007053446490317583,-0.04006632789969444,-0.049029864370822906,0.10039638727903366,0.034701623022556305,0.1541915237903595,0.05114997550845146,0.06528246402740479,0.011204177513718605,0.054894622415304184,0.04396596550941467,0.03589513152837753,0.040824174880981445,0.06416072696447372,0.0014176499098539352,0.034797899425029755,-0.03164594620466232,0.2356826215982437,0.11977323144674301,0.5986217856407166,0.45361435413360596,0.6239117383956909,0.490466833114624,0.6609917283058167,0.5636935234069824,0.07081558555364609,0.05122433230280876,0.0636216327548027,0.059376310557127,0.06566411256790161,0.05491189658641815,0.07459741830825806,0.02149481698870659,0.1609276831150055,0.07236750423908234,0.08838753402233124,0.008002286776900291,0.3003513216972351,-0.16316591203212738,0.3884693682193756,-0.17102113366127014,0.4795847535133362,-0.17862661182880402,0.4846416711807251,-0.16322362422943115,0.4604208767414093,-0.16342680156230927,0.46404802799224854,-0.04796099662780762,0.04950226843357086,-0.21513715386390686,0.011748027056455612,-0.18927185237407684,0.0602150484919548,-0.17745299637317657,0.029249055311083794,-0.19888971745967865,0.010576470755040646
26,0.5778009295463562,0.5979540944099426,0.60114985704422,0.600485622882843,0.6015995740890503,0.5992389917373657,0.5854414701461792,0.5893608331680298,0.5393920540809631,0.5662207007408142,0.5295079946517944,0.5100189447402954,0.4874958395957947,0.5148718357086182,0.38395532965660095,0.5718299150466919,0.4230877161026001,0.6066461801528931,0.4483901560306549,0.6128652691841125,0.48056739568710327,0.5664505362510681,0.44252899289131165,0.03187243267893791,-0.02964172512292862,-0.22163131833076477,-0.36805588006973267,-0.2040977030992508,-0.42664164304733276,-0.19767680764198303,-0.42448875308036804,-0.20499855279922485,-0.48124322295188904,-0.0969003215432167,-0.07492193579673767,-0.07029710710048676,-0.07092119008302689,-0.06904458999633789,-0.06919753551483154,-0.06526881456375122,0.037296928465366364,0.006449454929679632,-0.04120948910713196,-0.050261933356523514,0.10029955953359604,0.032052554190158844,0.1453150510787964,0.03826112672686577,0.057233285158872604,0.006366908084601164,0.04918556287884712,0.04164956510066986,0.03011750616133213,0.030031627044081688,0.05784648284316063,-0.0002772513253148645,0.03503736853599548,-0.031908221542835236,0.23851120471954346,0.11988607048988342,0.6015302538871765,0.45605579018592834,0.6267431974411011,0.49288150668144226,0.6619763970375061,0.5645262598991394,0.07110576331615448,0.051458995789289474,0.06370165199041367,0.059658389538526535,0.06591547280550003,0.05529318004846573,0.07494104653596878,0.021448422223329544,0.1605648696422577,0.07253061234951019,0.08872244507074356,0.011666449718177319,0.3013017177581787,-0.13581323623657227,0.3985597491264343,-0.08507614582777023,0.5098085403442383,-0.08403623849153519,0.5153926610946655,-0.06812252849340439,0.4930593967437744,-0.07743551582098007,0.49547457695007324,-0.04752354696393013,0.04893990606069565,-0.2070598155260086,0.011420506052672863,-0.1876179426908493,0.062008704990148544,-0.17636775970458984,0.031215984374284744,-0.18973803520202637,0.011836469173431396
27,0.5809767842292786,0.6008310914039612,0.6041542291641235,0.603416919708252,0.6052814722061157,0.602841317653656,0.5890566110610962,0.5897008180618286,0.5425854921340942,0.5681870579719543,0.532233476638794,0.5099266171455383,0.4902537763118744,0.513811469078064,0.39486750960350037,0.5671795606613159,0.4447759985923767,0.6023836135864258,0.4731307029724121,0.607991635799408,0.5063964128494263,0.561622142791748,0.4651125967502594,0.03154226392507553,-0.029191719368100166,-0.22146090865135193,-0.3672771751880646,-0.20340588688850403,-0.42824846506118774,-0.19697871804237366,-0.4264630079269409,-0.20406003296375275,-0.4822409152984619,-0.09855322539806366,-0.07586685568094254,-0.07120509445667267,-0.07186222821474075,-0.06993306428194046,-0.07007493823766708,-0.06620460003614426,0.037275154143571854,0.005759962368756533,-0.042230699211359024,-0.052025049924850464,0.10058695077896118,0.028991660103201866,0.14091840386390686,0.025313062593340874,0.052517663687467575,-0.002663329942151904,0.042794425040483475,0.025668073445558548,0.024952072650194168,0.014927676878869534,0.05347856134176254,-0.013392702676355839,0.03684621304273605,-0.033767592161893845,0.23900184035301208,0.1205621063709259,0.6025301218032837,0.4591556191444397,0.6275285482406616,0.49581003189086914,0.661622166633606,0.5657520294189453,0.06342769414186478,0.04410456493496895,0.055595993995666504,0.0525408536195755,0.05845382809638977,0.04848860576748848,0.06789902597665787,0.014475515112280846,0.15507374703884125,0.06572715938091278,0.08222049474716187,0.011642012745141983,0.3007948100566864,-0.13394246995449066,0.39820870757102966,-0.0897975042462349,0.5093677639961243,-0.09015211462974548,0.5125916004180908,-0.07477079331874847,0.49197784066200256,-0.08233088254928589,0.4950191378593445,-0.047102250158786774,0.04842709004878998,-0.20758584141731262,0.004650816787034273,-0.18845604360103607,0.05581085756421089,-0.17820300161838531,0.025765983387827873,-0.192398339509964,0.006729100830852985
28,0.5844066739082336,0.6040295958518982,0.6074829697608948,0.6063352823257446,0.6086556315422058,0.6058419346809387,0.5923495888710022,0.5903876423835754,0.5438516736030579,0.5708359479904175,0.5347636342048645,0.5096701383590698,0.4886419177055359,0.5139526724815369,0.38080987334251404,0.5718122124671936,0.4409250020980835,0.6069544553756714,0.4717698395252228,0.6111727952957153,0.5041205286979675,0.5656168460845947,0.4626258909702301,0.031232288107275963,-0.028899798169732094,-0.22181612253189087,-0.36754870414733887,-0.2029688060283661,-0.42799872159957886,-0.1966167539358139,-0.42593157291412354,-0.2037312239408493,-0.48237934708595276,-0.0987178161740303,-0.07607115805149078,-0.07139979302883148,-0.07207243889570236,-0.0699886828660965,-0.07014260441064835,-0.06619840860366821,0.03692712262272835,0.00571737065911293,-0.04230253025889397,-0.052071504294872284,0.09952282160520554,0.02808927558362484,0.11973720043897629,0.024444755166769028,0.019992036744952202,-0.014265828765928745,0.0020167557522654533,0.012404127046465874,-0.009596618823707104,0.006992063485085964,0.022819824516773224,-0.025073524564504623,0.03691348060965538,-0.03389488533139229,0.23859883844852448,0.12058872729539871,0.6023873090744019,0.4590710699558258,0.6271489262580872,0.4956629276275635,0.6609348654747009,0.5656343698501587,0.06360937654972076,0.04423031955957413,0.05555955320596695,0.052913207560777664,0.05837732180953026,0.04858303442597389,0.06794001162052155,0.01448091585189104,0.15424177050590515,0.06602570414543152,0.08251120150089264,0.0149360541254282,0.30120012164115906,-0.09846913814544678,0.3992407023906708,-0.005037851631641388,0.5084363222122192,0.0010409915121272206,0.5105137228965759,0.015621376223862171,0.49134743213653564,0.0028674770146608353,0.49367624521255493,-0.04671381041407585,0.048019200563430786,-0.20150689780712128,0.004941575229167938,-0.17199012637138367,0.07409704476594925,-0.1598074734210968,0.047064173966646194,-0.16961637139320374,0.03440467640757561
29,0.5919389724731445,0.6105502843856812,0.6144399642944336,0.6137940883636475,0.6200226545333862,0.6167734265327454,0.6035110950469971,0.5913268327713013,0.5549871921539307,0.5757855176925659,0.5415685176849365,0.501341700553894,0.5080879330635071,0.5453272461891174,0.45476624369621277,0.621590793132782,0.5171238780021667,0.6481927633285522,0.5439279079437256,0.6431290507316589,0.5666624903678894,0.6094486713409424,0.5316528677940369,0.02861642651259899,-0.025967849418520927,-0.2273920327425003,-0.3640032112598419,-0.2014724314212799,-0.42571142315864563,-0.19276045262813568,-0.42282140254974365,-0.19709531962871552,-0.4789464771747589,-0.10966025292873383,-0.08251608163118362,-0.07806892693042755,-0.07862120121717453,-0.07613860815763474,-0.07623954117298126,-0.07254832237958908,0.03475417196750641,0.0038297974970191717,-0.05288970097899437,-0.06332215666770935,0.09946980327367783,0.01558501087129116,0.1147463396191597,-0.023145979270339012,0.010797890834510326,-0.05858280509710312,-0.01784483529627323,-0.03410381078720093,-0.026133842766284943,-0.014374294318258762,0.014823127537965775,-0.05965123325586319,0.03786369413137436,-0.03520060330629349,0.24194282293319702,0.1184580847620964,0.6083014011383057,0.459526926279068,0.6315822005271912,0.4971087872982025,0.6646895408630371,0.5700722932815552,0.05814511328935623,0.03796321526169777,0.04881022125482559,0.047037094831466675,0.0539000928401947,0.044266730546951294,0.06301746517419815,0.008903400972485542,0.15056480467319489,0.060556065291166306,0.07777665555477142,0.02440624125301838,0.29921042919158936,-0.0287522841244936,0.39878711104393005,0.1853393316268921,0.4933544993400574,0.20765791833400726,0.485757440328598,0.21923938393592834,0.47495365142822266,0.1946655809879303,0.482427179813385,-0.045778702944517136,0.04713667929172516,-0.17321886122226715,0.005268476437777281,-0.12784403562545776,0.07479356974363327,-0.11331776529550552,0.048383358865976334,-0.1056150496006012,0.04076208919286728
30,0.5786357522010803,0.599338173866272,0.6028542518615723,0.6019185781478882,0.6065171360969543,0.6033598184585571,0.5901254415512085,0.589691698551178,0.5505930781364441,0.5682409405708313,0.5328125357627869,0.5017391443252563,0.5049529671669006,0.48009148240089417,0.3982422649860382,0.49149155616760254,0.44379258155822754,0.5132823586463928,0.46424156427383423,0.5187255144119263,0.5003933906555176,0.4825493097305298,0.46281886100769043,0.028178146108984947,-0.025699006393551826,-0.24281996488571167,-0.36483630537986755,-0.20706476271152496,-0.43886592984199524,-0.1990266591310501,-0.4384470283985138,-0.209441140294075,-0.5043284296989441,-0.11121147871017456,-0.08539164811372757,-0.08080312609672546,-0.08126639574766159,-0.07963472604751587,-0.07936909049749374,-0.07581973075866699,0.03206811472773552,0.003025921992957592,-0.053871847689151764,-0.06342515349388123,0.09943506121635437,0.01737198606133461,0.11492328345775604,-0.005395704414695501,0.010717441327869892,-0.05598852038383484,-0.014396827667951584,-0.031960759311914444,-0.025420045480132103,-0.014805687591433525,0.013365685939788818,-0.05892322212457657,0.03736123442649841,-0.03454854339361191,0.2392224818468094,0.11789518594741821,0.6075292229652405,0.4595797061920166,0.6313819885253906,0.4973903000354767,0.6643095016479492,0.5699509382247925,0.05841003730893135,0.03651238605380058,0.047248631715774536,0.04521976038813591,0.05253755673766136,0.042675912380218506,0.061660248786211014,0.002920360304415226,0.14932581782341003,0.0596134327352047,0.07798255234956741,0.00950237549841404,0.2986375391483307,-0.10620223730802536,0.3957608938217163,-0.04302186518907547,0.4872075021266937,-0.03985827416181564,0.4849030673503876,-0.025498658418655396,0.4685770273208618,-0.03634719178080559,0.47462302446365356,-0.04674592986702919,0.04814143478870392,-0.17313894629478455,0.01384070236235857,-0.13271984457969666,0.08168588578701019,-0.11978652328252792,0.05393822118639946,-0.1210474818944931,0.0433470755815506
31,0.5798014402389526,0.6000860929489136,0.6033533811569214,0.6023508310317993,0.6064345240592957,0.6033199429512024,0.5900765657424927,0.5897054672241211,0.5492575764656067,0.5688701272010803,0.532973051071167,0.5018662810325623,0.4847009479999542,0.4594498872756958,0.3282390534877777,0.4875865578651428,0.40307435393333435,0.5156787037849426,0.43795353174209595,0.5240092873573303,0.482904851436615,0.4821658134460449,0.4291277825832367,0.02908329665660858,-0.026868438348174095,-0.22223027050495148,-0.36587485671043396,-0.19423922896385193,-0.43834152817726135,-0.18686452507972717,-0.4376108944416046,-0.20252948999404907,-0.5033654570579529,-0.10828068107366562,-0.08253878355026245,-0.07799909263849258,-0.07853161543607712,-0.07554212212562561,-0.07539337128400803,-0.07110685110092163,0.03800937160849571,0.017230825498700142,-0.049211807548999786,-0.05544783174991608,0.10341732203960419,0.0421098954975605,0.1127304956316948,0.022777359932661057,-0.020780202001333237,-0.061249878257513046,-0.044705238193273544,-0.04162934422492981,-0.05914517864584923,-0.0376199446618557,-0.021553710103034973,-0.07042405754327774,0.0350969135761261,-0.0322376973927021,0.23846381902694702,0.12391357868909836,0.6036868095397949,0.4597035050392151,0.6283553838729858,0.49730682373046875,0.6636261343955994,0.5698551535606384,0.06427254527807236,0.04070437327027321,0.051261335611343384,0.049619682133197784,0.058655545115470886,0.04881151020526886,0.06814024597406387,0.0028447150252759457,0.15470901131629944,0.06183576583862305,0.08305345475673676,-0.0009408367914147675,0.302555114030838,-0.14810489118099213,0.40458887815475464,-0.12418021261692047,0.4929317235946655,-0.12531834840774536,0.49715548753738403,-0.10943519324064255,0.475797176361084,-0.11658823490142822,0.47924745082855225,-0.04862416535615921,0.04999677836894989,-0.21155254542827606,0.01857021264731884,-0.18532583117485046,0.08200231194496155,-0.1735006868839264,0.05379603058099747,-0.18062077462673187,0.042690377682447433
32,0.5801829695701599,0.6007148623466492,0.6039324402809143,0.6027778387069702,0.6064116954803467,0.6032804846763611,0.5900654196739197,0.5905886888504028,0.5487282872200012,0.5694947838783264,0.5329757332801819,0.509201169013977,0.4828050434589386,0.4624745547771454,0.32494163513183594,0.4743800163269043,0.401472806930542,0.5012367963790894,0.4369742274284363,0.5025303363800049,0.4824554920196533,0.4640742242336273,0.42741215229034424,0.02937629260122776,-0.027259191498160362,-0.20947304368019104,-0.3665712773799896,-0.19195997714996338,-0.44396162033081055,-0.18553459644317627,-0.4435689449310303,-0.20237651467323303,-0.5156376361846924,-0.11020974814891815,-0.08744745701551437,-0.0828302800655365,-0.0831674113869667,-0.07831869274377823,-0.07786601781845093,-0.0738280862569809,0.028098855167627335,0.01682574301958084,-0.05218759551644325,-0.05638698488473892,0.08344906568527222,0.05624673143029213,0.06078626960515976,0.03633016720414162,-0.028040219098329544,-0.0595356822013855,-0.04253070056438446,-0.04069900885224342,-0.05450526624917984,-0.03639540076255798,-0.025589771568775177,-0.06973040103912354,0.0288675706833601,-0.025926820933818817,0.23021262884140015,0.11750991642475128,0.5903624296188354,0.4490205943584442,0.614922821521759,0.486198753118515,0.6487164497375488,0.5563611388206482,0.06373124569654465,0.03679530322551727,0.04674411192536354,0.04599637910723686,0.054241590201854706,0.04465736448764801,0.06426101177930832,-0.011510603129863739,0.14309287071228027,0.06012410297989845,0.08204241842031479,-0.009643650613725185,0.29383593797683716,-0.14214977622032166,0.38892239332199097,-0.05507861450314522,0.4748201072216034,-0.04529077187180519,0.47874948382377625,-0.0364384762942791,0.4588899612426758,-0.05168250948190689,0.461309552192688,-0.049214329570531845,0.050862882286310196,-0.21482345461845398,0.020034682005643845,-0.1975955367088318,0.08809854835271835,-0.18717719614505768,0.060050319880247116,-0.19486166536808014,0.04699104651808739
33,0.5824661254882812,0.604026734828949,0.6071574687957764,0.6058078408241272,0.6107766628265381,0.6073504090309143,0.5946018695831299,0.5919984579086304,0.5517364740371704,0.5712774991989136,0.5350295305252075,0.5104707479476929,0.4910268485546112,0.46993231773376465,0.336118221282959,0.5195389986038208,0.44338497519493103,0.5608057975769043,0.48767346143722534,0.5612325668334961,0.5289191007614136,0.509253978729248,0.468972384929657,0.028949949890375137,-0.026786865666508675,-0.2075091302394867,-0.36625638604164124,-0.1818023920059204,-0.4425086975097656,-0.17498134076595306,-0.441599041223526,-0.18686823546886444,-0.5130442380905151,-0.1101447194814682,-0.08826684206724167,-0.0836334303021431,-0.08388613164424896,-0.07894830405712128,-0.07824447751045227,-0.07432237267494202,0.024455787613987923,0.014676778577268124,-0.05267420783638954,-0.0565837137401104,0.07426473498344421,0.054716430604457855,0.012681282125413418,0.02137821540236473,-0.03856327012181282,-0.06136656180024147,-0.04895199462771416,-0.04229964688420296,-0.05412645265460014,-0.03560081124305725,-0.03105928935110569,-0.06950017064809799,0.028932519257068634,-0.026011990383267403,0.2301863431930542,0.11162784695625305,0.5905726552009583,0.4486214220523834,0.6151034832000732,0.4862150251865387,0.6489702463150024,0.5563355088233948,0.043462857604026794,0.01312613021582365,0.022005369886755943,0.023332515731453896,0.02860931120812893,0.019862648099660873,0.03925715759396553,-0.02940748818218708,0.1171325147151947,0.041427887976169586,0.06304808706045151,-0.010934505611658096,0.28134602308273315,-0.07188078761100769,0.36862075328826904,0.12538287043571472,0.44796690344810486,0.14496594667434692,0.44749581813812256,0.14872342348098755,0.4316394627094269,0.12773792445659637,0.4362385869026184,-0.048748962581157684,0.05065782740712166,-0.20548197627067566,0.019467920064926147,-0.1963755190372467,0.08380051702260971,-0.18511143326759338,0.05607595294713974,-0.18935748934745789,0.046404771506786346
34,0.5785689949989319,0.6004512310028076,0.6034327149391174,0.6021562814712524,0.6054137349128723,0.6019403338432312,0.5895248055458069,0.5919580459594727,0.5467055439949036,0.5697556734085083,0.5321800112724304,0.5143256187438965,0.48027506470680237,0.4726339280605316,0.311687171459198,0.49783968925476074,0.36937087774276733,0.5270867347717285,0.39588218927383423,0.5221835970878601,0.434838205575943,0.4848439395427704,0.3921167552471161,0.029695427045226097,-0.027878690510988235,-0.21042338013648987,-0.3664170205593109,-0.1822778880596161,-0.4420987069606781,-0.17556877434253693,-0.4410766661167145,-0.18722574412822723,-0.5098638534545898,-0.1101861298084259,-0.08840972185134888,-0.08382058888673782,-0.08409750461578369,-0.07953692227602005,-0.07883027195930481,-0.07500103861093521,0.02539469674229622,0.014874634332954884,-0.052574511617422104,-0.056301962584257126,0.07420630753040314,0.06657418608665466,0.012274066917598248,0.04604796692728996,-0.04495909810066223,-0.044189196079969406,-0.05010519549250603,-0.02480176091194153,-0.05315876007080078,-0.024188373237848282,-0.03527355194091797,-0.05394354090094566,0.025388313457369804,-0.022531893104314804,0.2212260216474533,0.11164259165525436,0.5860207676887512,0.4488929510116577,0.6112217307090759,0.4864477217197418,0.6454468369483948,0.5565370917320251,0.04817717522382736,0.014949165284633636,0.023985426872968674,0.02529619261622429,0.03299298137426376,0.02332310751080513,0.043924376368522644,-0.026467831805348396,0.12696406245231628,0.045010682195425034,0.06960423290729523,-0.011991010047495365,0.28391265869140625,-0.12009724974632263,0.3698103725910187,-0.03050478920340538,0.43716728687286377,-0.02404257468879223,0.43888890743255615,-0.01689378172159195,0.41979146003723145,-0.027488937601447105,0.4237033426761627,-0.04977928474545479,0.05183299258351326,-0.21135449409484863,0.02116645686328411,-0.20153361558914185,0.08381819725036621,-0.19099922478199005,0.05578312277793884,-0.20068922638893127,0.044358763843774796
35,0.5731496214866638,0.5946043133735657,0.5975467562675476,0.596010148525238,0.5947856307029724,0.5919378995895386,0.5793666839599609,0.5883121490478516,0.524519145488739,0.5643526911735535,0.5221701860427856,0.5133916735649109,0.43984755873680115,0.49304312467575073,0.27904728055000305,0.5015228986740112,0.2976408898830414,0.5264730453491211,0.31886765360832214,0.5210826992988586,0.348907470703125,0.4887922406196594,0.3158360719680786,0.030711498111486435,-0.029110992327332497,-0.21177801489830017,-0.3690601587295532,-0.17695192992687225,-0.43492233753204346,-0.16898466646671295,-0.43208378553390503,-0.17826248705387115,-0.49617281556129456,-0.1149425134062767,-0.09300258010625839,-0.08851346373558044,-0.08873964846134186,-0.08376741409301758,-0.08346077054738998,-0.07922443002462387,0.025544511154294014,0.015296305529773235,-0.05402794107794762,-0.057214219123125076,0.0753917247056961,0.06649266928434372,-0.01116305124014616,0.005441050045192242,-0.18144014477729797,-0.17063531279563904,-0.20870333909988403,-0.16785946488380432,-0.2226482629776001,-0.17463064193725586,-0.1834850013256073,-0.18869733810424805,0.023416347801685333,-0.020878497511148453,0.2205175906419754,0.11121179163455963,0.5860852599143982,0.44677770137786865,0.6112308502197266,0.4828281104564667,0.6433966159820557,0.5553635358810425,0.08527848869562149,0.0564432330429554,0.06707914173603058,0.06601086258888245,0.07790043950080872,0.06785289943218231,0.08800205588340759,-0.0013574134791269898,0.17171572148799896,0.07729634642601013,0.10447558015584946,-0.011313137598335743,0.30714157223701477,-0.1461723893880844,0.38954809308052063,-0.10674087703227997,0.4379099905490875,-0.10231395065784454,0.4488367736339569,-0.08995717763900757,0.42055660486221313,-0.09769032150506973,0.4273119568824768,-0.05040985718369484,0.05246800184249878,-0.23470789194107056,0.021765563637018204,-0.21383731067180634,0.08489883691072464,-0.20212531089782715,0.05649068206548691,-0.2172100991010666,0.044512808322906494
36,0.5673847198486328,0.5884016752243042,0.5913895964622498,0.5897856950759888,0.5879432559013367,0.5855817198753357,0.5728794932365417,0.5810592174530029,0.5161734223365784,0.5568031072616577,0.5146389007568359,0.5031832456588745,0.42878907918930054,0.4938184320926666,0.2674381136894226,0.5016515254974365,0.2689678370952606,0.5223547220230103,0.2862279415130615,0.5201210975646973,0.3136478662490845,0.4894908368587494,0.2848370373249054,0.030990587547421455,-0.0295056514441967,-0.21766331791877747,-0.3866865336894989,-0.16379112005233765,-0.43453890085220337,-0.15364348888397217,-0.43047431111335754,-0.1588936597108841,-0.48731136322021484,-0.11476417630910873,-0.09221043437719345,-0.08782792091369629,-0.08802109211683273,-0.08238429576158524,-0.08230163902044296,-0.0778162032365799,0.03463752940297127,0.027898598462343216,-0.05354190617799759,-0.05596960708498955,0.07898195087909698,0.0646543949842453,-0.004738476127386093,-0.041821904480457306,-0.21754656732082367,-0.258785605430603,-0.25310981273651123,-0.26394861936569214,-0.2800765335559845,-0.27138301730155945,-0.2274886667728424,-0.27881163358688354,0.023450026288628578,-0.020973272621631622,0.22163918614387512,0.1116706058382988,0.5883505344390869,0.44029003381729126,0.6129505634307861,0.4728412926197052,0.6435365080833435,0.5482102036476135,0.09829536080360413,0.07081074267625809,0.08146494626998901,0.07962196320295334,0.09293684363365173,0.08265772461891174,0.10250554978847504,0.006341509521007538,0.1852671355009079,0.08841303735971451,0.11594493687152863,-0.010633229278028011,0.3144656717777252,-0.1893261969089508,0.3966274559497833,-0.19740210473537445,0.4421120882034302,-0.19952189922332764,0.45535069704055786,-0.18313613533973694,0.4256896674633026,-0.18603551387786865,0.4326075613498688,-0.05041748285293579,0.05245211347937584,-0.2314351350069046,0.017989574000239372,-0.19285312294960022,0.08483421802520752,-0.1775500327348709,0.05670405924320221,-0.18597553670406342,0.048690956085920334
37,0.5642037987709045,0.5851931571960449,0.5883086323738098,0.586338222026825,0.5845015645027161,0.5822209119796753,0.5694594383239746,0.5757781267166138,0.5122664570808411,0.5522560477256775,0.5104278922080994,0.4950620234012604,0.42625632882118225,0.49391815066337585,0.2616179883480072,0.5028613209724426,0.2758983075618744,0.5253053903579712,0.2973822355270386,0.520893931388855,0.3254023492336273,0.48995715379714966,0.29260677099227905,0.030731400474905968,-0.02929338812828064,-0.21678803861141205,-0.3909342885017395,-0.16490012407302856,-0.43559175729751587,-0.15590178966522217,-0.4314917027950287,-0.1630471795797348,-0.4883881211280823,-0.11931092292070389,-0.09566918760538101,-0.0912749245762825,-0.09149464964866638,-0.08466263115406036,-0.08473493903875351,-0.07996149361133575,0.03421996533870697,0.02676151506602764,-0.05615729093551636,-0.058075133711099625,0.07958134263753891,0.06335712969303131,-0.020930634811520576,-0.049326568841934204,-0.2579895257949829,-0.26935330033302307,-0.30162644386291504,-0.2766540050506592,-0.3273085951805115,-0.2850955128669739,-0.2697032690048218,-0.2911691665649414,0.023383760824799538,-0.02099141851067543,0.22264176607131958,0.11576288938522339,0.5884811282157898,0.4404301047325134,0.6130546927452087,0.47247615456581116,0.6411547064781189,0.5440952777862549,0.09868895262479782,0.0714903175830841,0.0820791944861412,0.08048272877931595,0.09303809702396393,0.08295518159866333,0.10265958309173584,0.006853141356259584,0.1841009557247162,0.08905569463968277,0.11613351106643677,-0.010069153271615505,0.31556418538093567,-0.17683544754981995,0.4011704623699188,-0.15269283950328827,0.45175331830978394,-0.15124185383319855,0.4700833857059479,-0.13670256733894348,0.43748199939727783,-0.14264117181301117,0.4385354816913605,-0.050369177013635635,0.05236045643687248,-0.2370067685842514,0.017357774078845978,-0.19316187500953674,0.101130910217762,-0.17787979543209076,0.07598993182182312,-0.18817828595638275,0.07207345217466354
38,0.5647274851799011,0.5857240557670593,0.5888593792915344,0.5869777202606201,0.5854607820510864,0.5831177830696106,0.5703204274177551,0.5748047828674316,0.5125182867050171,0.5527379512786865,0.5112248659133911,0.49175065755844116,0.42384472489356995,0.4987950921058655,0.2645970284938812,0.5083611011505127,0.27474886178970337,0.5278172492980957,0.2943609058856964,0.5237576365470886,0.32048845291137695,0.495614230632782,0.29044079780578613,0.030688174068927765,-0.02927662618458271,-0.21375827491283417,-0.3937286138534546,-0.16430412232875824,-0.4364215135574341,-0.15565210580825806,-0.4321151077747345,-0.1648937612771988,-0.48896515369415283,-0.1212572455406189,-0.09642390161752701,-0.09202417731285095,-0.09228125214576721,-0.08520732820034027,-0.08540300279855728,-0.08051475882530212,0.03653630614280701,0.027369560673832893,-0.05652884766459465,-0.058563943952322006,0.0809246152639389,0.06294264644384384,-0.03151048719882965,-0.05838293954730034,-0.2691217362880707,-0.2826726734638214,-0.3107244670391083,-0.29125216603279114,-0.3359229862689972,-0.2978528141975403,-0.28037628531455994,-0.3040701150894165,0.023471351712942123,-0.021047433838248253,0.22330980002880096,0.11777226626873016,0.588753879070282,0.4407159984111786,0.6133647561073303,0.4733213186264038,0.6410658359527588,0.5446241497993469,0.09705184400081635,0.07052207738161087,0.08110165596008301,0.07974392175674438,0.09225251525640488,0.08230718970298767,0.10206487029790878,0.006856940221041441,0.18562598526477814,0.08795402944087982,0.11511313915252686,-0.009624860249459743,0.3188367486000061,-0.17460386455059052,0.4135677218437195,-0.14252817630767822,0.48316794633865356,-0.1399942934513092,0.5039320588111877,-0.12577959895133972,0.4722653031349182,-0.13242851197719574,0.46741658449172974,-0.05038880184292793,0.05234755203127861,-0.2615951597690582,0.014229432679712772,-0.22741694748401642,0.09953083097934723,-0.21441876888275146,0.07398303598165512,-0.2300485372543335,0.06874918937683105
